type1,classifier1,class1,type2,classifier2,class2,overlap
SourcesOfInterest,FINK_PORTAL,Solar System MPC,SourcesOfInterest,FINK_PORTAL,Solar System MPC,56291.0
AlertsOfInterest,FINK_PORTAL,Solar System MPC,AlertsOfInterest,FINK_PORTAL,Solar System MPC,56291.0
SourcesOfInterest,FEATURES,FC-59,SourcesOfInterest,FEATURES,FC-59,2890.0
AlertsOfInterest,FEATURES,FC-59,AlertsOfInterest,FEATURES,FC-59,2890.0
SourcesOfInterest,FEATURES,FC-6,SourcesOfInterest,FEATURES,FC-6,2749.0
AlertsOfInterest,FEATURES,FC-6,AlertsOfInterest,FEATURES,FC-6,2749.0
AlertsOfInterest,FINK_PORTAL,QSO,AlertsOfInterest,FINK_PORTAL,QSO,1737.0
SourcesOfInterest,FINK_PORTAL,QSO,SourcesOfInterest,FINK_PORTAL,QSO,1737.0
SourcesOfInterest,FINK_PORTAL,SN candidate,SourcesOfInterest,FINK_PORTAL,SN candidate,1431.0
AlertsOfInterest,FINK_PORTAL,SN candidate,AlertsOfInterest,FINK_PORTAL,SN candidate,1431.0
AlertsOfInterest,FINK_PORTAL,Solar System candidate,AlertsOfInterest,FINK_PORTAL,Solar System candidate,1260.0
SourcesOfInterest,FINK_PORTAL,Solar System candidate,SourcesOfInterest,FINK_PORTAL,Solar System candidate,1260.0
SourcesOfInterest,FINK_PORTAL,Tracklet,SourcesOfInterest,FINK_PORTAL,Tracklet,915.0
AlertsOfInterest,FINK_PORTAL,Tracklet,AlertsOfInterest,FINK_PORTAL,Tracklet,915.0
SourcesOfInterest,FINK_PORTAL,Star,SourcesOfInterest,FINK_PORTAL,Star,585.0
AlertsOfInterest,FINK_PORTAL,Star,AlertsOfInterest,FINK_PORTAL,Star,585.0
AlertsOfInterest,FEATURES,FC-41,AlertsOfInterest,FEATURES,FC-41,451.0
SourcesOfInterest,FEATURES,FC-41,SourcesOfInterest,FEATURES,FC-41,451.0
AlertsOfInterest,FEATURES,FC-7,AlertsOfInterest,FEATURES,FC-7,411.0
SourcesOfInterest,FEATURES,FC-7,SourcesOfInterest,FEATURES,FC-7,411.0
AlertsOfInterest,FEATURES,FC-23,AlertsOfInterest,FEATURES,FC-23,409.0
SourcesOfInterest,FEATURES,FC-23,SourcesOfInterest,FEATURES,FC-23,409.0
AlertsOfInterest,FEATURES,FC-54,AlertsOfInterest,FEATURES,FC-54,350.0
SourcesOfInterest,FEATURES,FC-54,SourcesOfInterest,FEATURES,FC-54,350.0
SourcesOfInterest,FINK_PORTAL,EclBin,SourcesOfInterest,FINK_PORTAL,EclBin,274.0
AlertsOfInterest,FINK_PORTAL,EclBin,AlertsOfInterest,FINK_PORTAL,EclBin,274.0
AlertsOfInterest,FEATURES,FC-36,AlertsOfInterest,FEATURES,FC-36,194.0
SourcesOfInterest,FEATURES,FC-36,SourcesOfInterest,FEATURES,FC-36,194.0
AlertsOfInterest,FINK_PORTAL,EB*,AlertsOfInterest,FINK_PORTAL,EB*,193.0
SourcesOfInterest,FINK_PORTAL,EB*,SourcesOfInterest,FINK_PORTAL,EB*,193.0
SourcesOfInterest,FEATURES,FC-14,SourcesOfInterest,FEATURES,FC-14,185.0
AlertsOfInterest,FEATURES,FC-14,AlertsOfInterest,FEATURES,FC-14,185.0
AlertsOfInterest,FINK_PORTAL,RRLyr,AlertsOfInterest,FINK_PORTAL,RRLyr,184.0
SourcesOfInterest,FINK_PORTAL,RRLyr,SourcesOfInterest,FINK_PORTAL,RRLyr,184.0
AlertsOfInterest,FEATURES,FC-2,AlertsOfInterest,FEATURES,FC-2,158.0
SourcesOfInterest,FEATURES,FC-2,SourcesOfInterest,FEATURES,FC-2,158.0
SourcesOfInterest,FINK_PORTAL,V*,SourcesOfInterest,FINK_PORTAL,V*,155.0
AlertsOfInterest,FINK_PORTAL,V*,AlertsOfInterest,FINK_PORTAL,V*,155.0
SourcesOfInterest,FINK_PORTAL,EB*_Candidate,SourcesOfInterest,FINK_PORTAL,EB*_Candidate,141.0
AlertsOfInterest,FINK_PORTAL,EB*_Candidate,AlertsOfInterest,FINK_PORTAL,EB*_Candidate,141.0
AlertsOfInterest,FEATURES,FC-24,AlertsOfInterest,FEATURES,FC-24,129.0
SourcesOfInterest,FEATURES,FC-24,SourcesOfInterest,FEATURES,FC-24,129.0
SourcesOfInterest,FINK_PORTAL,Star,SourcesOfInterest,FEATURES,FC-59,97.0
SourcesOfInterest,FEATURES,FC-59,SourcesOfInterest,FINK_PORTAL,Star,97.0
AlertsOfInterest,FEATURES,FC-59,AlertsOfInterest,FINK_PORTAL,Star,97.0
AlertsOfInterest,FINK_PORTAL,Star,AlertsOfInterest,FEATURES,FC-59,97.0
AlertsOfInterest,FEATURES,FC-15,AlertsOfInterest,FEATURES,FC-15,86.0
SourcesOfInterest,FEATURES,FC-15,SourcesOfInterest,FEATURES,FC-15,86.0
SourcesOfInterest,FINK_PORTAL,LongPeriodV*,SourcesOfInterest,FINK_PORTAL,LongPeriodV*,83.0
AlertsOfInterest,FINK_PORTAL,LongPeriodV*,AlertsOfInterest,FINK_PORTAL,LongPeriodV*,83.0
AlertsOfInterest,FINK_PORTAL,BYDraV*,AlertsOfInterest,FINK_PORTAL,BYDraV*,68.0
SourcesOfInterest,FINK_PORTAL,BYDraV*,SourcesOfInterest,FINK_PORTAL,BYDraV*,68.0
AlertsOfInterest,FEATURES,FC-52,AlertsOfInterest,FEATURES,FC-52,65.0
SourcesOfInterest,FEATURES,FC-52,SourcesOfInterest,FEATURES,FC-52,65.0
SourcesOfInterest,FEATURES,FC-49,SourcesOfInterest,FEATURES,FC-49,62.0
AlertsOfInterest,FEATURES,FC-49,AlertsOfInterest,FEATURES,FC-49,62.0
AlertsOfInterest,FINK_PORTAL,LPV*,AlertsOfInterest,FINK_PORTAL,LPV*,61.0
SourcesOfInterest,FINK_PORTAL,LPV*,SourcesOfInterest,FINK_PORTAL,LPV*,61.0
AlertsOfInterest,FINK_PORTAL,Radio,AlertsOfInterest,FINK_PORTAL,Radio,59.0
SourcesOfInterest,FEATURES,FC-6,SourcesOfInterest,FINK_PORTAL,Star,59.0
SourcesOfInterest,FINK_PORTAL,Star,SourcesOfInterest,FEATURES,FC-6,59.0
AlertsOfInterest,FINK_PORTAL,Star,AlertsOfInterest,FEATURES,FC-6,59.0
AlertsOfInterest,FEATURES,FC-6,AlertsOfInterest,FINK_PORTAL,Star,59.0
SourcesOfInterest,FINK_PORTAL,Radio,SourcesOfInterest,FINK_PORTAL,Radio,59.0
AlertsOfInterest,FINK_PORTAL,QSO,AlertsOfInterest,FEATURES,FC-7,57.0
AlertsOfInterest,FEATURES,FC-7,AlertsOfInterest,FINK_PORTAL,QSO,57.0
SourcesOfInterest,FINK_PORTAL,QSO,SourcesOfInterest,FEATURES,FC-7,57.0
SourcesOfInterest,FEATURES,FC-7,SourcesOfInterest,FINK_PORTAL,QSO,57.0
SourcesOfInterest,FEATURES,FC-35,SourcesOfInterest,FEATURES,FC-35,56.0
AlertsOfInterest,FEATURES,FC-35,AlertsOfInterest,FEATURES,FC-35,56.0
AlertsOfInterest,FEATURES,FC-26,AlertsOfInterest,FEATURES,FC-26,55.0
SourcesOfInterest,FEATURES,FC-26,SourcesOfInterest,FEATURES,FC-26,55.0
AlertsOfInterest,FEATURES,FC-4,AlertsOfInterest,FEATURES,FC-4,54.0
SourcesOfInterest,FEATURES,FC-4,SourcesOfInterest,FEATURES,FC-4,54.0
AlertsOfInterest,FEATURES,FC-44,AlertsOfInterest,FEATURES,FC-44,52.0
SourcesOfInterest,FEATURES,FC-44,SourcesOfInterest,FEATURES,FC-44,52.0
AlertsOfInterest,FINK_PORTAL,LP*_Candidate,AlertsOfInterest,FINK_PORTAL,LP*_Candidate,46.0
SourcesOfInterest,FINK_PORTAL,LP*_Candidate,SourcesOfInterest,FINK_PORTAL,LP*_Candidate,46.0
SourcesOfInterest,FINK_PORTAL,RRLyrae,SourcesOfInterest,FINK_PORTAL,RRLyrae,45.0
AlertsOfInterest,FINK_PORTAL,RRLyrae,AlertsOfInterest,FINK_PORTAL,RRLyrae,45.0
AlertsOfInterest,FINK_PORTAL,QSO,AlertsOfInterest,FEATURES,FC-23,44.0
AlertsOfInterest,FINK_PORTAL,Variable*,AlertsOfInterest,FINK_PORTAL,Variable*,44.0
AlertsOfInterest,FEATURES,FC-23,AlertsOfInterest,FINK_PORTAL,QSO,44.0
SourcesOfInterest,FEATURES,FC-23,SourcesOfInterest,FINK_PORTAL,QSO,44.0
SourcesOfInterest,FINK_PORTAL,QSO,SourcesOfInterest,FEATURES,FC-23,44.0
SourcesOfInterest,FINK_PORTAL,Variable*,SourcesOfInterest,FINK_PORTAL,Variable*,44.0
SourcesOfInterest,FINK_PORTAL,BYDra,SourcesOfInterest,FINK_PORTAL,BYDra,38.0
AlertsOfInterest,FINK_PORTAL,BYDra,AlertsOfInterest,FINK_PORTAL,BYDra,38.0
AlertsOfInterest,FINK_PORTAL,QSO,AlertsOfInterest,FEATURES,FC-36,36.0
AlertsOfInterest,FEATURES,FC-36,AlertsOfInterest,FINK_PORTAL,QSO,36.0
SourcesOfInterest,FINK_PORTAL,QSO,SourcesOfInterest,FEATURES,FC-36,36.0
SourcesOfInterest,FINK_PORTAL,SB*,SourcesOfInterest,FINK_PORTAL,SB*,36.0
SourcesOfInterest,FEATURES,FC-36,SourcesOfInterest,FINK_PORTAL,QSO,36.0
AlertsOfInterest,FINK_PORTAL,SB*,AlertsOfInterest,FINK_PORTAL,SB*,36.0
SourcesOfInterest,FEATURES,FC-30,SourcesOfInterest,FEATURES,FC-30,30.0
SourcesOfInterest,FINK_PORTAL,YSO_Candidate,SourcesOfInterest,FINK_PORTAL,YSO_Candidate,30.0
AlertsOfInterest,FEATURES,FC-30,AlertsOfInterest,FEATURES,FC-30,30.0
AlertsOfInterest,FINK_PORTAL,blue,AlertsOfInterest,FINK_PORTAL,blue,30.0
AlertsOfInterest,FINK_PORTAL,YSO_Candidate,AlertsOfInterest,FINK_PORTAL,YSO_Candidate,30.0
SourcesOfInterest,FINK_PORTAL,blue,SourcesOfInterest,FINK_PORTAL,blue,30.0
SourcesOfInterest,FINK_PORTAL,Blue,SourcesOfInterest,FINK_PORTAL,Blue,27.0
AlertsOfInterest,FINK_PORTAL,Blue,AlertsOfInterest,FINK_PORTAL,Blue,27.0
SourcesOfInterest,FINK_PORTAL,WD*_Candidate,SourcesOfInterest,FINK_PORTAL,WD*_Candidate,27.0
AlertsOfInterest,FINK_PORTAL,WD*_Candidate,AlertsOfInterest,FINK_PORTAL,WD*_Candidate,27.0
SourcesOfInterest,FINK_PORTAL,C*,SourcesOfInterest,FINK_PORTAL,C*,26.0
SourcesOfInterest,FINK_PORTAL,RGB*,SourcesOfInterest,FINK_PORTAL,RGB*,26.0
AlertsOfInterest,FEATURES,FC-6,AlertsOfInterest,FINK_PORTAL,QSO,26.0
AlertsOfInterest,FINK_PORTAL,RGB*,AlertsOfInterest,FINK_PORTAL,RGB*,26.0
SourcesOfInterest,FINK_PORTAL,QSO,SourcesOfInterest,FEATURES,FC-6,26.0
SourcesOfInterest,FEATURES,FC-6,SourcesOfInterest,FINK_PORTAL,QSO,26.0
AlertsOfInterest,FINK_PORTAL,QSO,AlertsOfInterest,FEATURES,FC-6,26.0
AlertsOfInterest,FINK_PORTAL,C*,AlertsOfInterest,FINK_PORTAL,C*,26.0
AlertsOfInterest,FINK_PORTAL,CataclyV*,AlertsOfInterest,FINK_PORTAL,CataclyV*,24.0
SourcesOfInterest,FINK_PORTAL,CataclyV*,SourcesOfInterest,FINK_PORTAL,CataclyV*,24.0
AlertsOfInterest,FINK_PORTAL,PulsV*,AlertsOfInterest,FINK_PORTAL,PulsV*,23.0
SourcesOfInterest,FEATURES,FC-34,SourcesOfInterest,FEATURES,FC-34,23.0
SourcesOfInterest,FINK_PORTAL,PulsV*,SourcesOfInterest,FINK_PORTAL,PulsV*,23.0
AlertsOfInterest,FEATURES,FC-34,AlertsOfInterest,FEATURES,FC-34,23.0
SourcesOfInterest,FINK_PORTAL,Seyfert_1,SourcesOfInterest,FINK_PORTAL,Seyfert_1,22.0
AlertsOfInterest,FINK_PORTAL,Seyfert_1,AlertsOfInterest,FINK_PORTAL,Seyfert_1,22.0
AlertsOfInterest,FINK_PORTAL,QSO,AlertsOfInterest,FEATURES,FC-44,21.0
AlertsOfInterest,FINK_PORTAL,QSO,AlertsOfInterest,FEATURES,FC-41,21.0
AlertsOfInterest,FINK_PORTAL,QSO,AlertsOfInterest,FEATURES,FC-2,21.0
AlertsOfInterest,FEATURES,FC-2,AlertsOfInterest,FINK_PORTAL,QSO,21.0
AlertsOfInterest,FEATURES,FC-41,AlertsOfInterest,FINK_PORTAL,QSO,21.0
AlertsOfInterest,FEATURES,FC-44,AlertsOfInterest,FINK_PORTAL,QSO,21.0
SourcesOfInterest,FINK_PORTAL,QSO,SourcesOfInterest,FEATURES,FC-41,21.0
SourcesOfInterest,FEATURES,FC-2,SourcesOfInterest,FINK_PORTAL,QSO,21.0
SourcesOfInterest,FEATURES,FC-41,SourcesOfInterest,FINK_PORTAL,QSO,21.0
SourcesOfInterest,FEATURES,FC-44,SourcesOfInterest,FINK_PORTAL,QSO,21.0
SourcesOfInterest,FINK_PORTAL,QSO,SourcesOfInterest,FEATURES,FC-44,21.0
SourcesOfInterest,FINK_PORTAL,QSO,SourcesOfInterest,FEATURES,FC-2,21.0
AlertsOfInterest,FINK_PORTAL,Seyfert_2,AlertsOfInterest,FINK_PORTAL,Seyfert_2,19.0
AlertsOfInterest,FEATURES,FC-57,AlertsOfInterest,FEATURES,FC-57,19.0
SourcesOfInterest,FINK_PORTAL,Seyfert_2,SourcesOfInterest,FINK_PORTAL,Seyfert_2,19.0
SourcesOfInterest,FEATURES,FC-57,SourcesOfInterest,FEATURES,FC-57,19.0
AlertsOfInterest,FINK_PORTAL,LongPeriodV*_Candidate,AlertsOfInterest,FINK_PORTAL,LongPeriodV*_Candidate,18.0
SourcesOfInterest,FINK_PORTAL,LongPeriodV*_Candidate,SourcesOfInterest,FINK_PORTAL,LongPeriodV*_Candidate,18.0
SourcesOfInterest,FEATURES,FC-41,SourcesOfInterest,FINK_PORTAL,EclBin,17.0
SourcesOfInterest,FEATURES,FC-6,SourcesOfInterest,FINK_PORTAL,Solar System MPC,17.0
AlertsOfInterest,FINK_PORTAL,EclBin,AlertsOfInterest,FEATURES,FC-41,17.0
SourcesOfInterest,FINK_PORTAL,EclBin,SourcesOfInterest,FEATURES,FC-41,17.0
SourcesOfInterest,FINK_PORTAL,Solar System MPC,SourcesOfInterest,FEATURES,FC-6,17.0
AlertsOfInterest,FINK_PORTAL,Solar System MPC,AlertsOfInterest,FEATURES,FC-6,17.0
AlertsOfInterest,FEATURES,FC-41,AlertsOfInterest,FINK_PORTAL,EclBin,17.0
AlertsOfInterest,FEATURES,FC-6,AlertsOfInterest,FINK_PORTAL,Solar System MPC,17.0
SourcesOfInterest,FEATURES,FC-2,SourcesOfInterest,FINK_PORTAL,Solar System MPC,16.0
SourcesOfInterest,FEATURES,FC-5,SourcesOfInterest,FEATURES,FC-5,16.0
AlertsOfInterest,FINK_PORTAL,Solar System MPC,AlertsOfInterest,FEATURES,FC-2,16.0
SourcesOfInterest,FEATURES,FC-29,SourcesOfInterest,FEATURES,FC-29,16.0
AlertsOfInterest,FEATURES,FC-29,AlertsOfInterest,FEATURES,FC-29,16.0
AlertsOfInterest,FEATURES,FC-2,AlertsOfInterest,FINK_PORTAL,Solar System MPC,16.0
SourcesOfInterest,FINK_PORTAL,Solar System MPC,SourcesOfInterest,FEATURES,FC-2,16.0
AlertsOfInterest,FEATURES,FC-5,AlertsOfInterest,FEATURES,FC-5,16.0
AlertsOfInterest,FINK_PORTAL,EclBin,AlertsOfInterest,FEATURES,FC-23,15.0
SourcesOfInterest,FEATURES,FC-23,SourcesOfInterest,FINK_PORTAL,EclBin,15.0
SourcesOfInterest,FINK_PORTAL,EclBin,SourcesOfInterest,FEATURES,FC-23,15.0
AlertsOfInterest,FEATURES,FC-23,AlertsOfInterest,FINK_PORTAL,EclBin,15.0
AlertsOfInterest,FINK_PORTAL,QSO,AlertsOfInterest,FEATURES,FC-26,14.0
SourcesOfInterest,FEATURES,FC-6,SourcesOfInterest,FINK_PORTAL,EclBin,14.0
AlertsOfInterest,FEATURES,FC-26,AlertsOfInterest,FINK_PORTAL,QSO,14.0
SourcesOfInterest,FINK_PORTAL,EclBin,SourcesOfInterest,FEATURES,FC-6,14.0
SourcesOfInterest,FEATURES,FC-26,SourcesOfInterest,FINK_PORTAL,QSO,14.0
AlertsOfInterest,FINK_PORTAL,EclBin,AlertsOfInterest,FEATURES,FC-6,14.0
AlertsOfInterest,FINK_PORTAL,RSCVnV*,AlertsOfInterest,FINK_PORTAL,RSCVnV*,14.0
SourcesOfInterest,FINK_PORTAL,RSCVnV*,SourcesOfInterest,FINK_PORTAL,RSCVnV*,14.0
AlertsOfInterest,FEATURES,FC-6,AlertsOfInterest,FINK_PORTAL,EclBin,14.0
SourcesOfInterest,FINK_PORTAL,QSO,SourcesOfInterest,FEATURES,FC-26,14.0
AlertsOfInterest,FINK_PORTAL,Star,AlertsOfInterest,FEATURES,FC-41,13.0
SourcesOfInterest,FEATURES,FC-41,SourcesOfInterest,FINK_PORTAL,Star,13.0
SourcesOfInterest,FINK_PORTAL,Star,SourcesOfInterest,FEATURES,FC-41,13.0
AlertsOfInterest,FEATURES,FC-41,AlertsOfInterest,FINK_PORTAL,Star,13.0
AlertsOfInterest,FINK_PORTAL,LongPeriodV*,AlertsOfInterest,FEATURES,FC-15,12.0
SourcesOfInterest,FINK_PORTAL,LongPeriodV*,SourcesOfInterest,FEATURES,FC-15,12.0
SourcesOfInterest,FEATURES,FC-15,SourcesOfInterest,FINK_PORTAL,LongPeriodV*,12.0
AlertsOfInterest,FEATURES,FC-15,AlertsOfInterest,FINK_PORTAL,LongPeriodV*,12.0
SourcesOfInterest,FEATURES,FC-31,SourcesOfInterest,FEATURES,FC-31,11.0
SourcesOfInterest,FEATURES,FC-36,SourcesOfInterest,FINK_PORTAL,LongPeriodV*,11.0
AlertsOfInterest,FINK_PORTAL,AGB*,AlertsOfInterest,FINK_PORTAL,AGB*,11.0
AlertsOfInterest,FINK_PORTAL,Ambiguous,AlertsOfInterest,FINK_PORTAL,Ambiguous,11.0
AlertsOfInterest,FINK_PORTAL,QSO,AlertsOfInterest,FEATURES,FC-24,11.0
AlertsOfInterest,FEATURES,FC-16,AlertsOfInterest,FEATURES,FC-16,11.0
AlertsOfInterest,FINK_PORTAL,LongPeriodV*,AlertsOfInterest,FEATURES,FC-36,11.0
AlertsOfInterest,FEATURES,FC-24,AlertsOfInterest,FINK_PORTAL,QSO,11.0
SourcesOfInterest,FINK_PORTAL,LongPeriodV*,SourcesOfInterest,FEATURES,FC-36,11.0
SourcesOfInterest,FINK_PORTAL,QSO,SourcesOfInterest,FEATURES,FC-24,11.0
SourcesOfInterest,FEATURES,FC-24,SourcesOfInterest,FINK_PORTAL,QSO,11.0
AlertsOfInterest,FEATURES,FC-31,AlertsOfInterest,FEATURES,FC-31,11.0
SourcesOfInterest,FINK_PORTAL,AGB*,SourcesOfInterest,FINK_PORTAL,AGB*,11.0
SourcesOfInterest,FINK_PORTAL,Ambiguous,SourcesOfInterest,FINK_PORTAL,Ambiguous,11.0
SourcesOfInterest,FEATURES,FC-16,SourcesOfInterest,FEATURES,FC-16,11.0
AlertsOfInterest,FEATURES,FC-36,AlertsOfInterest,FINK_PORTAL,LongPeriodV*,11.0
AlertsOfInterest,FINK_PORTAL,QSO,AlertsOfInterest,FEATURES,FC-54,10.0
AlertsOfInterest,FEATURES,FC-54,AlertsOfInterest,FINK_PORTAL,QSO,10.0
SourcesOfInterest,FINK_PORTAL,QSO,SourcesOfInterest,FEATURES,FC-54,10.0
SourcesOfInterest,FEATURES,FC-54,SourcesOfInterest,FINK_PORTAL,QSO,10.0
AlertsOfInterest,FINK_PORTAL,YSO,AlertsOfInterest,FINK_PORTAL,YSO,10.0
SourcesOfInterest,FINK_PORTAL,YSO,SourcesOfInterest,FINK_PORTAL,YSO,10.0
AlertsOfInterest,FEATURES,FC-14,AlertsOfInterest,FINK_PORTAL,QSO,9.0
AlertsOfInterest,FEATURES,FC-52,AlertsOfInterest,FINK_PORTAL,QSO,9.0
SourcesOfInterest,FINK_PORTAL,QSO,SourcesOfInterest,FEATURES,FC-14,9.0
SourcesOfInterest,FEATURES,FC-14,SourcesOfInterest,FINK_PORTAL,QSO,9.0
SourcesOfInterest,FEATURES,FC-52,SourcesOfInterest,FINK_PORTAL,QSO,9.0
AlertsOfInterest,FINK_PORTAL,QSO,AlertsOfInterest,FEATURES,FC-14,9.0
AlertsOfInterest,FINK_PORTAL,BLLac,AlertsOfInterest,FINK_PORTAL,BLLac,9.0
AlertsOfInterest,FINK_PORTAL,QSO,AlertsOfInterest,FEATURES,FC-52,9.0
SourcesOfInterest,FINK_PORTAL,BLLac,SourcesOfInterest,FINK_PORTAL,BLLac,9.0
SourcesOfInterest,FINK_PORTAL,QSO,SourcesOfInterest,FEATURES,FC-52,9.0
AlertsOfInterest,FEATURES,FC-47,AlertsOfInterest,FEATURES,FC-47,8.0
SourcesOfInterest,FINK_PORTAL,Em*,SourcesOfInterest,FINK_PORTAL,Em*,8.0
SourcesOfInterest,FEATURES,FC-46,SourcesOfInterest,FEATURES,FC-46,8.0
SourcesOfInterest,FINK_PORTAL,PM*,SourcesOfInterest,FINK_PORTAL,PM*,8.0
AlertsOfInterest,FEATURES,FC-29,AlertsOfInterest,FINK_PORTAL,QSO,8.0
SourcesOfInterest,FEATURES,FC-29,SourcesOfInterest,FINK_PORTAL,QSO,8.0
SourcesOfInterest,FINK_PORTAL,QSO,SourcesOfInterest,FEATURES,FC-29,8.0
SourcesOfInterest,FEATURES,FC-47,SourcesOfInterest,FEATURES,FC-47,8.0
AlertsOfInterest,FINK_PORTAL,QSO,AlertsOfInterest,FEATURES,FC-29,8.0
AlertsOfInterest,FEATURES,FC-46,AlertsOfInterest,FEATURES,FC-46,8.0
AlertsOfInterest,FINK_PORTAL,PM*,AlertsOfInterest,FINK_PORTAL,PM*,8.0
SourcesOfInterest,FINK_PORTAL,Seyfert2,SourcesOfInterest,FINK_PORTAL,Seyfert2,8.0
AlertsOfInterest,FINK_PORTAL,Seyfert2,AlertsOfInterest,FINK_PORTAL,Seyfert2,8.0
AlertsOfInterest,FINK_PORTAL,Em*,AlertsOfInterest,FINK_PORTAL,Em*,8.0
SourcesOfInterest,FINK_PORTAL,QSO,SourcesOfInterest,FEATURES,FC-30,7.0
SourcesOfInterest,FINK_PORTAL,Microlensing candidate,SourcesOfInterest,FINK_PORTAL,Microlensing candidate,7.0
AlertsOfInterest,FINK_PORTAL,Star,AlertsOfInterest,FEATURES,FC-23,7.0
AlertsOfInterest,FINK_PORTAL,QSO,AlertsOfInterest,FEATURES,FC-30,7.0
AlertsOfInterest,FINK_PORTAL,V*,AlertsOfInterest,FEATURES,FC-7,7.0
SourcesOfInterest,FEATURES,FC-23,SourcesOfInterest,FINK_PORTAL,Star,7.0
AlertsOfInterest,FINK_PORTAL,Microlensing candidate,AlertsOfInterest,FINK_PORTAL,Microlensing candidate,7.0
AlertsOfInterest,FEATURES,FC-30,AlertsOfInterest,FINK_PORTAL,QSO,7.0
AlertsOfInterest,FEATURES,FC-49,AlertsOfInterest,FINK_PORTAL,QSO,7.0
AlertsOfInterest,FINK_PORTAL,RotV*,AlertsOfInterest,FINK_PORTAL,RotV*,7.0
SourcesOfInterest,FINK_PORTAL,V*,SourcesOfInterest,FEATURES,FC-7,7.0
SourcesOfInterest,FEATURES,FC-30,SourcesOfInterest,FINK_PORTAL,QSO,7.0
SourcesOfInterest,FEATURES,FC-49,SourcesOfInterest,FINK_PORTAL,QSO,7.0
SourcesOfInterest,FINK_PORTAL,Star,SourcesOfInterest,FEATURES,FC-23,7.0
SourcesOfInterest,FEATURES,FC-7,SourcesOfInterest,FINK_PORTAL,V*,7.0
SourcesOfInterest,FINK_PORTAL,QSO,SourcesOfInterest,FEATURES,FC-49,7.0
AlertsOfInterest,FINK_PORTAL,QSO,AlertsOfInterest,FEATURES,FC-49,7.0
AlertsOfInterest,FEATURES,FC-23,AlertsOfInterest,FINK_PORTAL,Star,7.0
SourcesOfInterest,FINK_PORTAL,RotV*,SourcesOfInterest,FINK_PORTAL,RotV*,7.0
AlertsOfInterest,FEATURES,FC-7,AlertsOfInterest,FINK_PORTAL,V*,7.0
AlertsOfInterest,FINK_PORTAL,EB*,AlertsOfInterest,FEATURES,FC-54,6.0
AlertsOfInterest,FEATURES,FC-54,AlertsOfInterest,FINK_PORTAL,EB*,6.0
AlertsOfInterest,FEATURES,FC-6,AlertsOfInterest,FINK_PORTAL,EB*,6.0
AlertsOfInterest,FEATURES,FC-7,AlertsOfInterest,FINK_PORTAL,EB*,6.0
SourcesOfInterest,FINK_PORTAL,EmG,SourcesOfInterest,FINK_PORTAL,EmG,6.0
SourcesOfInterest,FINK_PORTAL,SB*,SourcesOfInterest,FEATURES,FC-59,6.0
SourcesOfInterest,FINK_PORTAL,LINER,SourcesOfInterest,FINK_PORTAL,LINER,6.0
AlertsOfInterest,FINK_PORTAL,EmG,AlertsOfInterest,FINK_PORTAL,EmG,6.0
AlertsOfInterest,FINK_PORTAL,QSO,AlertsOfInterest,FEATURES,FC-4,6.0
AlertsOfInterest,FINK_PORTAL,V*,AlertsOfInterest,FEATURES,FC-41,6.0
AlertsOfInterest,FINK_PORTAL,EB*,AlertsOfInterest,FEATURES,FC-7,6.0
AlertsOfInterest,FINK_PORTAL,LINER,AlertsOfInterest,FINK_PORTAL,LINER,6.0
AlertsOfInterest,FINK_PORTAL,Seyfert1,AlertsOfInterest,FINK_PORTAL,Seyfert1,6.0
SourcesOfInterest,FINK_PORTAL,Seyfert1,SourcesOfInterest,FINK_PORTAL,Seyfert1,6.0
AlertsOfInterest,FINK_PORTAL,BYDraV*,AlertsOfInterest,FEATURES,FC-36,6.0
AlertsOfInterest,FEATURES,FC-4,AlertsOfInterest,FINK_PORTAL,QSO,6.0
SourcesOfInterest,FINK_PORTAL,BYDraV*,SourcesOfInterest,FEATURES,FC-36,6.0
SourcesOfInterest,FINK_PORTAL,EB*,SourcesOfInterest,FEATURES,FC-54,6.0
SourcesOfInterest,FEATURES,FC-59,SourcesOfInterest,FINK_PORTAL,SB*,6.0
AlertsOfInterest,FEATURES,FC-36,AlertsOfInterest,FINK_PORTAL,BYDraV*,6.0
SourcesOfInterest,FINK_PORTAL,V*,SourcesOfInterest,FEATURES,FC-41,6.0
SourcesOfInterest,FINK_PORTAL,EB*,SourcesOfInterest,FEATURES,FC-6,6.0
SourcesOfInterest,FINK_PORTAL,EB*,SourcesOfInterest,FEATURES,FC-7,6.0
SourcesOfInterest,FEATURES,FC-4,SourcesOfInterest,FINK_PORTAL,QSO,6.0
AlertsOfInterest,FINK_PORTAL,EB*,AlertsOfInterest,FEATURES,FC-6,6.0
SourcesOfInterest,FEATURES,FC-41,SourcesOfInterest,FINK_PORTAL,V*,6.0
SourcesOfInterest,FEATURES,FC-36,SourcesOfInterest,FINK_PORTAL,BYDraV*,6.0
SourcesOfInterest,FEATURES,FC-54,SourcesOfInterest,FINK_PORTAL,EB*,6.0
SourcesOfInterest,FEATURES,FC-6,SourcesOfInterest,FINK_PORTAL,EB*,6.0
SourcesOfInterest,FEATURES,FC-7,SourcesOfInterest,FINK_PORTAL,EB*,6.0
AlertsOfInterest,FEATURES,FC-59,AlertsOfInterest,FINK_PORTAL,SB*,6.0
SourcesOfInterest,FINK_PORTAL,QSO,SourcesOfInterest,FEATURES,FC-4,6.0
AlertsOfInterest,FINK_PORTAL,SB*,AlertsOfInterest,FEATURES,FC-59,6.0
AlertsOfInterest,FEATURES,FC-41,AlertsOfInterest,FINK_PORTAL,V*,6.0
SourcesOfInterest,FINK_PORTAL,EclBin,SourcesOfInterest,FEATURES,FC-31,5.0
SourcesOfInterest,FINK_PORTAL,QSO,SourcesOfInterest,FEATURES,FC-35,5.0
AlertsOfInterest,FINK_PORTAL,EB*,AlertsOfInterest,FEATURES,FC-23,5.0
AlertsOfInterest,FINK_PORTAL,V*,AlertsOfInterest,FEATURES,FC-23,5.0
AlertsOfInterest,FEATURES,FC-45,AlertsOfInterest,FEATURES,FC-45,5.0
AlertsOfInterest,FINK_PORTAL,EclBin,AlertsOfInterest,FEATURES,FC-54,5.0
AlertsOfInterest,FINK_PORTAL,RotV*alf2CVn,AlertsOfInterest,FINK_PORTAL,RotV*alf2CVn,5.0
AlertsOfInterest,FEATURES,FC-23,AlertsOfInterest,FINK_PORTAL,EB*,5.0
AlertsOfInterest,FEATURES,FC-36,AlertsOfInterest,FINK_PORTAL,EB*,5.0
SourcesOfInterest,FINK_PORTAL,Early SN Ia candidate,SourcesOfInterest,FINK_PORTAL,Early SN Ia candidate,5.0
SourcesOfInterest,FEATURES,FC-31,SourcesOfInterest,FINK_PORTAL,EclBin,5.0
SourcesOfInterest,FEATURES,FC-46,SourcesOfInterest,FINK_PORTAL,EclBin,5.0
SourcesOfInterest,FEATURES,FC-54,SourcesOfInterest,FINK_PORTAL,EclBin,5.0
SourcesOfInterest,FEATURES,FC-59,SourcesOfInterest,FINK_PORTAL,EclBin,5.0
SourcesOfInterest,FEATURES,FC-45,SourcesOfInterest,FEATURES,FC-45,5.0
SourcesOfInterest,FINK_PORTAL,EclBin,SourcesOfInterest,FEATURES,FC-46,5.0
SourcesOfInterest,FINK_PORTAL,EclBin,SourcesOfInterest,FEATURES,FC-59,5.0
AlertsOfInterest,FINK_PORTAL,Early SN Ia candidate,AlertsOfInterest,FINK_PORTAL,Early SN Ia candidate,5.0
AlertsOfInterest,FINK_PORTAL,V*,AlertsOfInterest,FEATURES,FC-24,5.0
AlertsOfInterest,FINK_PORTAL,HB*,AlertsOfInterest,FINK_PORTAL,HB*,5.0
AlertsOfInterest,FINK_PORTAL,EB*,AlertsOfInterest,FEATURES,FC-36,5.0
AlertsOfInterest,FEATURES,FC-35,AlertsOfInterest,FINK_PORTAL,QSO,5.0
SourcesOfInterest,FINK_PORTAL,EB*,SourcesOfInterest,FEATURES,FC-36,5.0
SourcesOfInterest,FINK_PORTAL,EclBin,SourcesOfInterest,FEATURES,FC-54,5.0
SourcesOfInterest,FINK_PORTAL,RotV*alf2CVn,SourcesOfInterest,FINK_PORTAL,RotV*alf2CVn,5.0
AlertsOfInterest,FEATURES,FC-6,AlertsOfInterest,FINK_PORTAL,BYDraV*,5.0
SourcesOfInterest,FEATURES,FC-10,SourcesOfInterest,FEATURES,FC-10,5.0
SourcesOfInterest,FINK_PORTAL,V*,SourcesOfInterest,FEATURES,FC-24,5.0
SourcesOfInterest,FINK_PORTAL,BYDraV*,SourcesOfInterest,FEATURES,FC-6,5.0
SourcesOfInterest,FEATURES,FC-35,SourcesOfInterest,FINK_PORTAL,QSO,5.0
AlertsOfInterest,FINK_PORTAL,EclBin,AlertsOfInterest,FEATURES,FC-31,5.0
AlertsOfInterest,FINK_PORTAL,QSO,AlertsOfInterest,FEATURES,FC-35,5.0
AlertsOfInterest,FEATURES,FC-43,AlertsOfInterest,FEATURES,FC-43,5.0
AlertsOfInterest,FINK_PORTAL,BYDraV*,AlertsOfInterest,FEATURES,FC-6,5.0
SourcesOfInterest,FINK_PORTAL,EB*,SourcesOfInterest,FEATURES,FC-23,5.0
SourcesOfInterest,FINK_PORTAL,V*,SourcesOfInterest,FEATURES,FC-23,5.0
SourcesOfInterest,FEATURES,FC-23,SourcesOfInterest,FINK_PORTAL,V*,5.0
SourcesOfInterest,FEATURES,FC-24,SourcesOfInterest,FINK_PORTAL,V*,5.0
AlertsOfInterest,FEATURES,FC-31,AlertsOfInterest,FINK_PORTAL,EclBin,5.0
AlertsOfInterest,FEATURES,FC-46,AlertsOfInterest,FINK_PORTAL,EclBin,5.0
AlertsOfInterest,FEATURES,FC-54,AlertsOfInterest,FINK_PORTAL,EclBin,5.0
AlertsOfInterest,FEATURES,FC-59,AlertsOfInterest,FINK_PORTAL,EclBin,5.0
AlertsOfInterest,FINK_PORTAL,EclBin,AlertsOfInterest,FEATURES,FC-46,5.0
SourcesOfInterest,FEATURES,FC-6,SourcesOfInterest,FINK_PORTAL,BYDraV*,5.0
SourcesOfInterest,FEATURES,FC-23,SourcesOfInterest,FINK_PORTAL,EB*,5.0
SourcesOfInterest,FEATURES,FC-36,SourcesOfInterest,FINK_PORTAL,EB*,5.0
SourcesOfInterest,FEATURES,FC-43,SourcesOfInterest,FEATURES,FC-43,5.0
SourcesOfInterest,FINK_PORTAL,HB*,SourcesOfInterest,FINK_PORTAL,HB*,5.0
AlertsOfInterest,FEATURES,FC-10,AlertsOfInterest,FEATURES,FC-10,5.0
AlertsOfInterest,FINK_PORTAL,EclBin,AlertsOfInterest,FEATURES,FC-59,5.0
AlertsOfInterest,FEATURES,FC-23,AlertsOfInterest,FINK_PORTAL,V*,5.0
AlertsOfInterest,FEATURES,FC-24,AlertsOfInterest,FINK_PORTAL,V*,5.0
SourcesOfInterest,FINK_PORTAL,GinCl,SourcesOfInterest,FINK_PORTAL,GinCl,4.0
AlertsOfInterest,FINK_PORTAL,QSO,AlertsOfInterest,FEATURES,FC-15,4.0
SourcesOfInterest,FINK_PORTAL,BClG,SourcesOfInterest,FINK_PORTAL,BClG,4.0
SourcesOfInterest,FEATURES,FC-59,SourcesOfInterest,FINK_PORTAL,RGB*,4.0
AlertsOfInterest,FEATURES,FC-41,AlertsOfInterest,FINK_PORTAL,EB*,4.0
SourcesOfInterest,FINK_PORTAL,CV*_Candidate,SourcesOfInterest,FINK_PORTAL,CV*_Candidate,4.0
SourcesOfInterest,FEATURES,FC-36,SourcesOfInterest,FINK_PORTAL,EclBin,4.0
SourcesOfInterest,FINK_PORTAL,QSO,SourcesOfInterest,FEATURES,FC-15,4.0
SourcesOfInterest,FINK_PORTAL,RGB*,SourcesOfInterest,FEATURES,FC-59,4.0
AlertsOfInterest,FINK_PORTAL,BClG,AlertsOfInterest,FINK_PORTAL,BClG,4.0
AlertsOfInterest,FEATURES,FC-1,AlertsOfInterest,FEATURES,FC-1,4.0
AlertsOfInterest,FEATURES,FC-38,AlertsOfInterest,FEATURES,FC-38,4.0
AlertsOfInterest,FINK_PORTAL,EB*,AlertsOfInterest,FEATURES,FC-41,4.0
AlertsOfInterest,FINK_PORTAL,LP*_Candidate,AlertsOfInterest,FEATURES,FC-7,4.0
AlertsOfInterest,FINK_PORTAL,GinCl,AlertsOfInterest,FINK_PORTAL,GinCl,4.0
AlertsOfInterest,FINK_PORTAL,HMXB,AlertsOfInterest,FINK_PORTAL,HMXB,4.0
AlertsOfInterest,FEATURES,FC-7,AlertsOfInterest,FINK_PORTAL,LP*_Candidate,4.0
AlertsOfInterest,FINK_PORTAL,RSCVn,AlertsOfInterest,FINK_PORTAL,RSCVn,4.0
AlertsOfInterest,FINK_PORTAL,delSctV*,AlertsOfInterest,FINK_PORTAL,delSctV*,4.0
SourcesOfInterest,FEATURES,FC-38,SourcesOfInterest,FEATURES,FC-38,4.0
SourcesOfInterest,FINK_PORTAL,QSO,SourcesOfInterest,FEATURES,FC-5,4.0
AlertsOfInterest,FINK_PORTAL,EclBin,AlertsOfInterest,FEATURES,FC-36,4.0
AlertsOfInterest,FEATURES,FC-15,AlertsOfInterest,FINK_PORTAL,QSO,4.0
AlertsOfInterest,FEATURES,FC-5,AlertsOfInterest,FINK_PORTAL,QSO,4.0
SourcesOfInterest,FINK_PORTAL,EclBin,SourcesOfInterest,FEATURES,FC-36,4.0
SourcesOfInterest,FINK_PORTAL,delSctV*,SourcesOfInterest,FINK_PORTAL,delSctV*,4.0
AlertsOfInterest,FEATURES,FC-59,AlertsOfInterest,FINK_PORTAL,RGB*,4.0
SourcesOfInterest,FINK_PORTAL,EB*,SourcesOfInterest,FEATURES,FC-41,4.0
SourcesOfInterest,FINK_PORTAL,LP*_Candidate,SourcesOfInterest,FEATURES,FC-7,4.0
SourcesOfInterest,FEATURES,FC-15,SourcesOfInterest,FINK_PORTAL,QSO,4.0
SourcesOfInterest,FEATURES,FC-5,SourcesOfInterest,FINK_PORTAL,QSO,4.0
AlertsOfInterest,FINK_PORTAL,CV*_Candidate,AlertsOfInterest,FINK_PORTAL,CV*_Candidate,4.0
SourcesOfInterest,FINK_PORTAL,RSCVn,SourcesOfInterest,FINK_PORTAL,RSCVn,4.0
AlertsOfInterest,FEATURES,FC-36,AlertsOfInterest,FINK_PORTAL,EclBin,4.0
SourcesOfInterest,FEATURES,FC-41,SourcesOfInterest,FINK_PORTAL,EB*,4.0
SourcesOfInterest,FEATURES,FC-1,SourcesOfInterest,FEATURES,FC-1,4.0
SourcesOfInterest,FINK_PORTAL,HMXB,SourcesOfInterest,FINK_PORTAL,HMXB,4.0
SourcesOfInterest,FEATURES,FC-7,SourcesOfInterest,FINK_PORTAL,LP*_Candidate,4.0
AlertsOfInterest,FINK_PORTAL,QSO,AlertsOfInterest,FEATURES,FC-5,4.0
AlertsOfInterest,FINK_PORTAL,RGB*,AlertsOfInterest,FEATURES,FC-59,4.0
SourcesOfInterest,FEATURES,FC-27,SourcesOfInterest,FEATURES,FC-27,3.0
SourcesOfInterest,FINK_PORTAL,GtowardsGroup,SourcesOfInterest,FINK_PORTAL,GtowardsGroup,3.0
AlertsOfInterest,FINK_PORTAL,BYDra,AlertsOfInterest,FEATURES,FC-15,3.0
AlertsOfInterest,FINK_PORTAL,BYDraV*,AlertsOfInterest,FEATURES,FC-54,3.0
AlertsOfInterest,FEATURES,FC-36,AlertsOfInterest,FINK_PORTAL,LongPeriodV*_Candidate,3.0
SourcesOfInterest,FEATURES,FC-41,SourcesOfInterest,FINK_PORTAL,EB*_Candidate,3.0
SourcesOfInterest,FEATURES,FC-7,SourcesOfInterest,FINK_PORTAL,EB*_Candidate,3.0
SourcesOfInterest,FEATURES,FC-14,SourcesOfInterest,FINK_PORTAL,EclBin,3.0
SourcesOfInterest,FEATURES,FC-5,SourcesOfInterest,FINK_PORTAL,EclBin,3.0
SourcesOfInterest,FINK_PORTAL,BYDra,SourcesOfInterest,FEATURES,FC-15,3.0
SourcesOfInterest,FINK_PORTAL,V*,SourcesOfInterest,FEATURES,FC-59,3.0
SourcesOfInterest,FINK_PORTAL,Variable*,SourcesOfInterest,FEATURES,FC-59,3.0
SourcesOfInterest,FEATURES,FC-7,SourcesOfInterest,FINK_PORTAL,LongPeriodV*,3.0
AlertsOfInterest,FEATURES,FC-41,AlertsOfInterest,FINK_PORTAL,EB*_Candidate,3.0
AlertsOfInterest,FEATURES,FC-7,AlertsOfInterest,FINK_PORTAL,EB*_Candidate,3.0
AlertsOfInterest,FINK_PORTAL,Star,AlertsOfInterest,FEATURES,FC-24,3.0
AlertsOfInterest,FEATURES,FC-27,AlertsOfInterest,FEATURES,FC-27,3.0
AlertsOfInterest,FINK_PORTAL,BYDraV*,AlertsOfInterest,FEATURES,FC-41,3.0
AlertsOfInterest,FINK_PORTAL,EB*_Candidate,AlertsOfInterest,FEATURES,FC-41,3.0
AlertsOfInterest,FINK_PORTAL,EB*_Candidate,AlertsOfInterest,FEATURES,FC-7,3.0
AlertsOfInterest,FINK_PORTAL,LongPeriodV*,AlertsOfInterest,FEATURES,FC-7,3.0
AlertsOfInterest,FINK_PORTAL,Star,AlertsOfInterest,FEATURES,FC-7,3.0
AlertsOfInterest,FINK_PORTAL,GtowardsGroup,AlertsOfInterest,FINK_PORTAL,GtowardsGroup,3.0
AlertsOfInterest,FINK_PORTAL,TTauri*,AlertsOfInterest,FINK_PORTAL,TTauri*,3.0
AlertsOfInterest,FEATURES,FC-59,AlertsOfInterest,FINK_PORTAL,Variable*,3.0
SourcesOfInterest,FINK_PORTAL,EclBin,SourcesOfInterest,FEATURES,FC-5,3.0
SourcesOfInterest,FEATURES,FC-36,SourcesOfInterest,FINK_PORTAL,LongPeriodV*_Candidate,3.0
SourcesOfInterest,FEATURES,FC-24,SourcesOfInterest,FINK_PORTAL,Star,3.0
SourcesOfInterest,FEATURES,FC-36,SourcesOfInterest,FINK_PORTAL,Star,3.0
SourcesOfInterest,FEATURES,FC-7,SourcesOfInterest,FINK_PORTAL,Star,3.0
AlertsOfInterest,FINK_PORTAL,LongPeriodV*_Candidate,AlertsOfInterest,FEATURES,FC-36,3.0
AlertsOfInterest,FINK_PORTAL,Star,AlertsOfInterest,FEATURES,FC-36,3.0
SourcesOfInterest,FINK_PORTAL,LongPeriodV*_Candidate,SourcesOfInterest,FEATURES,FC-36,3.0
SourcesOfInterest,FINK_PORTAL,Star,SourcesOfInterest,FEATURES,FC-36,3.0
SourcesOfInterest,FINK_PORTAL,BYDraV*,SourcesOfInterest,FEATURES,FC-54,3.0
AlertsOfInterest,FEATURES,FC-14,AlertsOfInterest,FINK_PORTAL,BYDraV*,3.0
AlertsOfInterest,FEATURES,FC-41,AlertsOfInterest,FINK_PORTAL,BYDraV*,3.0
AlertsOfInterest,FEATURES,FC-54,AlertsOfInterest,FINK_PORTAL,BYDraV*,3.0
AlertsOfInterest,FINK_PORTAL,EclBin_Candidate,AlertsOfInterest,FINK_PORTAL,EclBin_Candidate,3.0
SourcesOfInterest,FINK_PORTAL,BYDraV*,SourcesOfInterest,FEATURES,FC-14,3.0
SourcesOfInterest,FINK_PORTAL,EclBin,SourcesOfInterest,FEATURES,FC-14,3.0
SourcesOfInterest,FINK_PORTAL,Star,SourcesOfInterest,FEATURES,FC-24,3.0
SourcesOfInterest,FINK_PORTAL,BYDraV*,SourcesOfInterest,FEATURES,FC-41,3.0
SourcesOfInterest,FINK_PORTAL,EB*_Candidate,SourcesOfInterest,FEATURES,FC-41,3.0
SourcesOfInterest,FINK_PORTAL,RSCVnV*,SourcesOfInterest,FEATURES,FC-6,3.0
SourcesOfInterest,FINK_PORTAL,V*,SourcesOfInterest,FEATURES,FC-6,3.0
SourcesOfInterest,FINK_PORTAL,EB*_Candidate,SourcesOfInterest,FEATURES,FC-7,3.0
SourcesOfInterest,FINK_PORTAL,LongPeriodV*,SourcesOfInterest,FEATURES,FC-7,3.0
SourcesOfInterest,FINK_PORTAL,Star,SourcesOfInterest,FEATURES,FC-7,3.0
SourcesOfInterest,FINK_PORTAL,PulsV*delSct,SourcesOfInterest,FINK_PORTAL,PulsV*delSct,3.0
SourcesOfInterest,FINK_PORTAL,TTauri*,SourcesOfInterest,FINK_PORTAL,TTauri*,3.0
AlertsOfInterest,FINK_PORTAL,BYDraV*,AlertsOfInterest,FEATURES,FC-14,3.0
AlertsOfInterest,FINK_PORTAL,EclBin,AlertsOfInterest,FEATURES,FC-14,3.0
AlertsOfInterest,FINK_PORTAL,RSCVnV*,AlertsOfInterest,FEATURES,FC-6,3.0
AlertsOfInterest,FINK_PORTAL,V*,AlertsOfInterest,FEATURES,FC-6,3.0
AlertsOfInterest,FINK_PORTAL,PulsV*delSct,AlertsOfInterest,FINK_PORTAL,PulsV*delSct,3.0
AlertsOfInterest,FEATURES,FC-6,AlertsOfInterest,FINK_PORTAL,RSCVnV*,3.0
SourcesOfInterest,FEATURES,FC-15,SourcesOfInterest,FINK_PORTAL,BYDra,3.0
SourcesOfInterest,FEATURES,FC-6,SourcesOfInterest,FINK_PORTAL,RSCVnV*,3.0
SourcesOfInterest,FEATURES,FC-59,SourcesOfInterest,FINK_PORTAL,V*,3.0
SourcesOfInterest,FEATURES,FC-6,SourcesOfInterest,FINK_PORTAL,V*,3.0
AlertsOfInterest,FEATURES,FC-14,AlertsOfInterest,FINK_PORTAL,EclBin,3.0
AlertsOfInterest,FEATURES,FC-5,AlertsOfInterest,FINK_PORTAL,EclBin,3.0
SourcesOfInterest,FEATURES,FC-14,SourcesOfInterest,FINK_PORTAL,BYDraV*,3.0
SourcesOfInterest,FEATURES,FC-41,SourcesOfInterest,FINK_PORTAL,BYDraV*,3.0
SourcesOfInterest,FEATURES,FC-54,SourcesOfInterest,FINK_PORTAL,BYDraV*,3.0
AlertsOfInterest,FINK_PORTAL,EclBin,AlertsOfInterest,FEATURES,FC-5,3.0
AlertsOfInterest,FEATURES,FC-24,AlertsOfInterest,FINK_PORTAL,Star,3.0
AlertsOfInterest,FEATURES,FC-36,AlertsOfInterest,FINK_PORTAL,Star,3.0
AlertsOfInterest,FEATURES,FC-7,AlertsOfInterest,FINK_PORTAL,Star,3.0
SourcesOfInterest,FINK_PORTAL,EclBin_Candidate,SourcesOfInterest,FINK_PORTAL,EclBin_Candidate,3.0
SourcesOfInterest,FEATURES,FC-59,SourcesOfInterest,FINK_PORTAL,Variable*,3.0
AlertsOfInterest,FEATURES,FC-15,AlertsOfInterest,FINK_PORTAL,BYDra,3.0
AlertsOfInterest,FINK_PORTAL,V*,AlertsOfInterest,FEATURES,FC-59,3.0
AlertsOfInterest,FINK_PORTAL,Variable*,AlertsOfInterest,FEATURES,FC-59,3.0
AlertsOfInterest,FEATURES,FC-7,AlertsOfInterest,FINK_PORTAL,LongPeriodV*,3.0
AlertsOfInterest,FEATURES,FC-59,AlertsOfInterest,FINK_PORTAL,V*,3.0
AlertsOfInterest,FEATURES,FC-6,AlertsOfInterest,FINK_PORTAL,V*,3.0
SourcesOfInterest,FEATURES,FC-22,SourcesOfInterest,FEATURES,FC-22,2.0
SourcesOfInterest,FEATURES,FC-55,SourcesOfInterest,FEATURES,FC-55,2.0
SourcesOfInterest,FINK_PORTAL,RRLyr,SourcesOfInterest,FEATURES,FC-55,2.0
SourcesOfInterest,FINK_PORTAL,NearIR,SourcesOfInterest,FINK_PORTAL,NearIR,2.0
SourcesOfInterest,FEATURES,FC-41,SourcesOfInterest,FINK_PORTAL,YSO_Candidate,2.0
SourcesOfInterest,FEATURES,FC-54,SourcesOfInterest,FINK_PORTAL,YSO_Candidate,2.0
SourcesOfInterest,FINK_PORTAL,alf2CVnV*,SourcesOfInterest,FINK_PORTAL,alf2CVnV*,2.0
AlertsOfInterest,FINK_PORTAL,RRLyr,AlertsOfInterest,FEATURES,FC-15,2.0
AlertsOfInterest,FINK_PORTAL,BYDraV*,AlertsOfInterest,FEATURES,FC-23,2.0
AlertsOfInterest,FINK_PORTAL,Blue,AlertsOfInterest,FEATURES,FC-23,2.0
AlertsOfInterest,FINK_PORTAL,CataclyV*,AlertsOfInterest,FEATURES,FC-23,2.0
AlertsOfInterest,FINK_PORTAL,RRLyr,AlertsOfInterest,FEATURES,FC-23,2.0
AlertsOfInterest,FINK_PORTAL,RSCVnV*,AlertsOfInterest,FEATURES,FC-23,2.0
AlertsOfInterest,FINK_PORTAL,Radio,AlertsOfInterest,FEATURES,FC-23,2.0
AlertsOfInterest,FINK_PORTAL,Variable*,AlertsOfInterest,FEATURES,FC-23,2.0
AlertsOfInterest,FINK_PORTAL,BYDraV*,AlertsOfInterest,FEATURES,FC-26,2.0
AlertsOfInterest,FINK_PORTAL,BYDra,AlertsOfInterest,FEATURES,FC-54,2.0
AlertsOfInterest,FINK_PORTAL,LPV*,AlertsOfInterest,FEATURES,FC-54,2.0
AlertsOfInterest,FINK_PORTAL,Star,AlertsOfInterest,FEATURES,FC-54,2.0
AlertsOfInterest,FINK_PORTAL,V*,AlertsOfInterest,FEATURES,FC-54,2.0
AlertsOfInterest,FINK_PORTAL,YSO_Candidate,AlertsOfInterest,FEATURES,FC-54,2.0
AlertsOfInterest,FINK_PORTAL,Kilonova candidate,AlertsOfInterest,FINK_PORTAL,Kilonova candidate,2.0
AlertsOfInterest,FEATURES,FC-59,AlertsOfInterest,FINK_PORTAL,LongPeriodV*_Candidate,2.0
AlertsOfInterest,FEATURES,FC-6,AlertsOfInterest,FINK_PORTAL,LongPeriodV*_Candidate,2.0
AlertsOfInterest,FEATURES,FC-44,AlertsOfInterest,FINK_PORTAL,PulsV*,2.0
AlertsOfInterest,FEATURES,FC-59,AlertsOfInterest,FINK_PORTAL,PulsV*,2.0
SourcesOfInterest,FEATURES,FC-6,SourcesOfInterest,FINK_PORTAL,RGB*,2.0
SourcesOfInterest,FEATURES,FC-41,SourcesOfInterest,FINK_PORTAL,Seyfert_1,2.0
AlertsOfInterest,FEATURES,FC-14,AlertsOfInterest,FINK_PORTAL,EB*,2.0
AlertsOfInterest,FEATURES,FC-24,AlertsOfInterest,FINK_PORTAL,EB*,2.0
AlertsOfInterest,FEATURES,FC-44,AlertsOfInterest,FINK_PORTAL,EB*,2.0
AlertsOfInterest,FEATURES,FC-47,AlertsOfInterest,FINK_PORTAL,EB*,2.0
AlertsOfInterest,FEATURES,FC-57,AlertsOfInterest,FINK_PORTAL,EB*,2.0
AlertsOfInterest,FEATURES,FC-59,AlertsOfInterest,FINK_PORTAL,EB*,2.0
AlertsOfInterest,FINK_PORTAL,EB*,AlertsOfInterest,FEATURES,FC-44,2.0
AlertsOfInterest,FINK_PORTAL,PulsV*,AlertsOfInterest,FEATURES,FC-44,2.0
AlertsOfInterest,FINK_PORTAL,EB*,AlertsOfInterest,FEATURES,FC-47,2.0
AlertsOfInterest,FINK_PORTAL,GinGroup,AlertsOfInterest,FINK_PORTAL,GinGroup,2.0
AlertsOfInterest,FINK_PORTAL,HighPM*,AlertsOfInterest,FINK_PORTAL,HighPM*,2.0
AlertsOfInterest,FEATURES,FC-23,AlertsOfInterest,FINK_PORTAL,Radio,2.0
AlertsOfInterest,FEATURES,FC-36,AlertsOfInterest,FINK_PORTAL,Radio,2.0
SourcesOfInterest,FINK_PORTAL,AGN_Candidate,SourcesOfInterest,FINK_PORTAL,AGN_Candidate,2.0
SourcesOfInterest,FEATURES,FC-14,SourcesOfInterest,FINK_PORTAL,EB*_Candidate,2.0
SourcesOfInterest,FEATURES,FC-1,SourcesOfInterest,FINK_PORTAL,EclBin,2.0
SourcesOfInterest,FEATURES,FC-38,SourcesOfInterest,FINK_PORTAL,EclBin,2.0
SourcesOfInterest,FEATURES,FC-7,SourcesOfInterest,FINK_PORTAL,EclBin,2.0
SourcesOfInterest,FINK_PORTAL,RRLyr,SourcesOfInterest,FEATURES,FC-15,2.0
SourcesOfInterest,FINK_PORTAL,EB*,SourcesOfInterest,FEATURES,FC-59,2.0
SourcesOfInterest,FINK_PORTAL,LongPeriodV*_Candidate,SourcesOfInterest,FEATURES,FC-59,2.0
SourcesOfInterest,FINK_PORTAL,PulsV*,SourcesOfInterest,FEATURES,FC-59,2.0
SourcesOfInterest,FINK_PORTAL,Solar System MPC,SourcesOfInterest,FEATURES,FC-59,2.0
SourcesOfInterest,FINK_PORTAL,HB*_Candidate,SourcesOfInterest,FINK_PORTAL,HB*_Candidate,2.0
SourcesOfInterest,FEATURES,FC-41,SourcesOfInterest,FINK_PORTAL,LongPeriodV*,2.0
SourcesOfInterest,FEATURES,FC-6,SourcesOfInterest,FINK_PORTAL,LongPeriodV*,2.0
SourcesOfInterest,FEATURES,FC-57,SourcesOfInterest,FINK_PORTAL,RRLyrae,2.0
SourcesOfInterest,FEATURES,FC-6,SourcesOfInterest,FINK_PORTAL,RRLyrae,2.0
SourcesOfInterest,FINK_PORTAL,RadioG,SourcesOfInterest,FINK_PORTAL,RadioG,2.0
SourcesOfInterest,FEATURES,FC-59,SourcesOfInterest,FINK_PORTAL,Solar System MPC,2.0
AlertsOfInterest,FINK_PORTAL,AGN_Candidate,AlertsOfInterest,FINK_PORTAL,AGN_Candidate,2.0
AlertsOfInterest,FEATURES,FC-23,AlertsOfInterest,FINK_PORTAL,CataclyV*,2.0
AlertsOfInterest,FEATURES,FC-41,AlertsOfInterest,FINK_PORTAL,CataclyV*,2.0
AlertsOfInterest,FINK_PORTAL,ChemPec*,AlertsOfInterest,FINK_PORTAL,ChemPec*,2.0
AlertsOfInterest,FEATURES,FC-14,AlertsOfInterest,FINK_PORTAL,EB*_Candidate,2.0
AlertsOfInterest,FINK_PORTAL,EclBin,AlertsOfInterest,FEATURES,FC-1,2.0
AlertsOfInterest,FINK_PORTAL,Blue,AlertsOfInterest,FEATURES,FC-24,2.0
AlertsOfInterest,FINK_PORTAL,EB*,AlertsOfInterest,FEATURES,FC-24,2.0
AlertsOfInterest,FINK_PORTAL,EclBin,AlertsOfInterest,FEATURES,FC-38,2.0
AlertsOfInterest,FINK_PORTAL,Star,AlertsOfInterest,FEATURES,FC-4,2.0
AlertsOfInterest,FINK_PORTAL,Variable*,AlertsOfInterest,FEATURES,FC-4,2.0
AlertsOfInterest,FINK_PORTAL,CataclyV*,AlertsOfInterest,FEATURES,FC-41,2.0
AlertsOfInterest,FINK_PORTAL,LP*_Candidate,AlertsOfInterest,FEATURES,FC-41,2.0
AlertsOfInterest,FINK_PORTAL,LongPeriodV*,AlertsOfInterest,FEATURES,FC-41,2.0
AlertsOfInterest,FINK_PORTAL,Seyfert_1,AlertsOfInterest,FEATURES,FC-41,2.0
AlertsOfInterest,FINK_PORTAL,YSO_Candidate,AlertsOfInterest,FEATURES,FC-41,2.0
AlertsOfInterest,FEATURES,FC-55,AlertsOfInterest,FEATURES,FC-55,2.0
AlertsOfInterest,FINK_PORTAL,RRLyr,AlertsOfInterest,FEATURES,FC-55,2.0
AlertsOfInterest,FINK_PORTAL,EB*,AlertsOfInterest,FEATURES,FC-57,2.0
AlertsOfInterest,FINK_PORTAL,RRLyrae,AlertsOfInterest,FEATURES,FC-57,2.0
AlertsOfInterest,FINK_PORTAL,BYDraV*,AlertsOfInterest,FEATURES,FC-7,2.0
AlertsOfInterest,FINK_PORTAL,EclBin,AlertsOfInterest,FEATURES,FC-7,2.0
AlertsOfInterest,FINK_PORTAL,Variable*,AlertsOfInterest,FEATURES,FC-7,2.0
AlertsOfInterest,FINK_PORTAL,HB*_Candidate,AlertsOfInterest,FINK_PORTAL,HB*_Candidate,2.0
AlertsOfInterest,FEATURES,FC-41,AlertsOfInterest,FINK_PORTAL,LP*_Candidate,2.0
AlertsOfInterest,FEATURES,FC-6,AlertsOfInterest,FINK_PORTAL,RSCVn,2.0
AlertsOfInterest,FEATURES,FC-41,AlertsOfInterest,FINK_PORTAL,Seyfert_1,2.0
AlertsOfInterest,FEATURES,FC-6,AlertsOfInterest,FINK_PORTAL,TTauri*,2.0
AlertsOfInterest,FEATURES,FC-14,AlertsOfInterest,FINK_PORTAL,Variable*,2.0
AlertsOfInterest,FEATURES,FC-23,AlertsOfInterest,FINK_PORTAL,Variable*,2.0
AlertsOfInterest,FEATURES,FC-4,AlertsOfInterest,FINK_PORTAL,Variable*,2.0
AlertsOfInterest,FEATURES,FC-6,AlertsOfInterest,FINK_PORTAL,Variable*,2.0
AlertsOfInterest,FEATURES,FC-7,AlertsOfInterest,FINK_PORTAL,Variable*,2.0
SourcesOfInterest,FEATURES,FC-14,SourcesOfInterest,FINK_PORTAL,Blue,2.0
SourcesOfInterest,FEATURES,FC-2,SourcesOfInterest,FINK_PORTAL,Blue,2.0
SourcesOfInterest,FEATURES,FC-23,SourcesOfInterest,FINK_PORTAL,Blue,2.0
SourcesOfInterest,FEATURES,FC-24,SourcesOfInterest,FINK_PORTAL,Blue,2.0
SourcesOfInterest,FINK_PORTAL,EclBin,SourcesOfInterest,FEATURES,FC-38,2.0
SourcesOfInterest,FEATURES,FC-51,SourcesOfInterest,FEATURES,FC-51,2.0
SourcesOfInterest,FINK_PORTAL,GinGroup,SourcesOfInterest,FINK_PORTAL,GinGroup,2.0
SourcesOfInterest,FEATURES,FC-59,SourcesOfInterest,FINK_PORTAL,LongPeriodV*_Candidate,2.0
SourcesOfInterest,FEATURES,FC-6,SourcesOfInterest,FINK_PORTAL,LongPeriodV*_Candidate,2.0
SourcesOfInterest,FEATURES,FC-2,SourcesOfInterest,FINK_PORTAL,Star,2.0
SourcesOfInterest,FEATURES,FC-4,SourcesOfInterest,FINK_PORTAL,Star,2.0
SourcesOfInterest,FEATURES,FC-54,SourcesOfInterest,FINK_PORTAL,Star,2.0
AlertsOfInterest,FINK_PORTAL,AGN,AlertsOfInterest,FINK_PORTAL,AGN,2.0
AlertsOfInterest,FEATURES,FC-14,AlertsOfInterest,FINK_PORTAL,Blue,2.0
AlertsOfInterest,FEATURES,FC-2,AlertsOfInterest,FINK_PORTAL,Blue,2.0
AlertsOfInterest,FEATURES,FC-23,AlertsOfInterest,FINK_PORTAL,Blue,2.0
AlertsOfInterest,FEATURES,FC-24,AlertsOfInterest,FINK_PORTAL,Blue,2.0
AlertsOfInterest,FEATURES,FC-19,AlertsOfInterest,FEATURES,FC-19,2.0
AlertsOfInterest,FINK_PORTAL,Blue,AlertsOfInterest,FEATURES,FC-2,2.0
AlertsOfInterest,FINK_PORTAL,Star,AlertsOfInterest,FEATURES,FC-2,2.0
AlertsOfInterest,FINK_PORTAL,blue,AlertsOfInterest,FEATURES,FC-2,2.0
AlertsOfInterest,FINK_PORTAL,LPV*,AlertsOfInterest,FEATURES,FC-36,2.0
AlertsOfInterest,FINK_PORTAL,Radio,AlertsOfInterest,FEATURES,FC-36,2.0
AlertsOfInterest,FEATURES,FC-51,AlertsOfInterest,FEATURES,FC-51,2.0
SourcesOfInterest,FEATURES,FC-23,SourcesOfInterest,FINK_PORTAL,CataclyV*,2.0
SourcesOfInterest,FEATURES,FC-41,SourcesOfInterest,FINK_PORTAL,CataclyV*,2.0
SourcesOfInterest,FINK_PORTAL,ChemPec*,SourcesOfInterest,FINK_PORTAL,ChemPec*,2.0
SourcesOfInterest,FEATURES,FC-19,SourcesOfInterest,FEATURES,FC-19,2.0
SourcesOfInterest,FINK_PORTAL,LPV*,SourcesOfInterest,FEATURES,FC-36,2.0
SourcesOfInterest,FINK_PORTAL,Radio,SourcesOfInterest,FEATURES,FC-36,2.0
SourcesOfInterest,FINK_PORTAL,BYDra,SourcesOfInterest,FEATURES,FC-54,2.0
SourcesOfInterest,FINK_PORTAL,LPV*,SourcesOfInterest,FEATURES,FC-54,2.0
SourcesOfInterest,FINK_PORTAL,Star,SourcesOfInterest,FEATURES,FC-54,2.0
SourcesOfInterest,FINK_PORTAL,V*,SourcesOfInterest,FEATURES,FC-54,2.0
SourcesOfInterest,FINK_PORTAL,YSO_Candidate,SourcesOfInterest,FEATURES,FC-54,2.0
SourcesOfInterest,FEATURES,FC-6,SourcesOfInterest,FINK_PORTAL,SB*,2.0
AlertsOfInterest,FEATURES,FC-23,AlertsOfInterest,FINK_PORTAL,BYDraV*,2.0
AlertsOfInterest,FEATURES,FC-26,AlertsOfInterest,FINK_PORTAL,BYDraV*,2.0
AlertsOfInterest,FEATURES,FC-7,AlertsOfInterest,FINK_PORTAL,BYDraV*,2.0
AlertsOfInterest,FEATURES,FC-6,AlertsOfInterest,FINK_PORTAL,RGB*,2.0
AlertsOfInterest,FEATURES,FC-15,AlertsOfInterest,FINK_PORTAL,RRLyr,2.0
AlertsOfInterest,FEATURES,FC-23,AlertsOfInterest,FINK_PORTAL,RRLyr,2.0
AlertsOfInterest,FEATURES,FC-55,AlertsOfInterest,FINK_PORTAL,RRLyr,2.0
AlertsOfInterest,FEATURES,FC-2,AlertsOfInterest,FINK_PORTAL,blue,2.0
SourcesOfInterest,FINK_PORTAL,Blue,SourcesOfInterest,FEATURES,FC-14,2.0
SourcesOfInterest,FINK_PORTAL,EB*,SourcesOfInterest,FEATURES,FC-14,2.0
SourcesOfInterest,FINK_PORTAL,EB*_Candidate,SourcesOfInterest,FEATURES,FC-14,2.0
SourcesOfInterest,FINK_PORTAL,Variable*,SourcesOfInterest,FEATURES,FC-14,2.0
SourcesOfInterest,FINK_PORTAL,Blue,SourcesOfInterest,FEATURES,FC-24,2.0
SourcesOfInterest,FINK_PORTAL,EB*,SourcesOfInterest,FEATURES,FC-24,2.0
SourcesOfInterest,FINK_PORTAL,CataclyV*,SourcesOfInterest,FEATURES,FC-41,2.0
SourcesOfInterest,FINK_PORTAL,LP*_Candidate,SourcesOfInterest,FEATURES,FC-41,2.0
SourcesOfInterest,FINK_PORTAL,LongPeriodV*,SourcesOfInterest,FEATURES,FC-41,2.0
SourcesOfInterest,FINK_PORTAL,Seyfert_1,SourcesOfInterest,FEATURES,FC-41,2.0
SourcesOfInterest,FINK_PORTAL,YSO_Candidate,SourcesOfInterest,FEATURES,FC-41,2.0
SourcesOfInterest,FINK_PORTAL,BLLac,SourcesOfInterest,FEATURES,FC-6,2.0
SourcesOfInterest,FINK_PORTAL,BYDra,SourcesOfInterest,FEATURES,FC-6,2.0
SourcesOfInterest,FINK_PORTAL,LongPeriodV*,SourcesOfInterest,FEATURES,FC-6,2.0
SourcesOfInterest,FINK_PORTAL,LongPeriodV*_Candidate,SourcesOfInterest,FEATURES,FC-6,2.0
SourcesOfInterest,FINK_PORTAL,RGB*,SourcesOfInterest,FEATURES,FC-6,2.0
SourcesOfInterest,FINK_PORTAL,RRLyrae,SourcesOfInterest,FEATURES,FC-6,2.0
SourcesOfInterest,FINK_PORTAL,RSCVn,SourcesOfInterest,FEATURES,FC-6,2.0
SourcesOfInterest,FINK_PORTAL,SB*,SourcesOfInterest,FEATURES,FC-6,2.0
SourcesOfInterest,FINK_PORTAL,TTauri*,SourcesOfInterest,FEATURES,FC-6,2.0
SourcesOfInterest,FINK_PORTAL,Variable*,SourcesOfInterest,FEATURES,FC-6,2.0
SourcesOfInterest,FINK_PORTAL,BYDraV*,SourcesOfInterest,FEATURES,FC-7,2.0
SourcesOfInterest,FINK_PORTAL,EclBin,SourcesOfInterest,FEATURES,FC-7,2.0
SourcesOfInterest,FINK_PORTAL,Variable*,SourcesOfInterest,FEATURES,FC-7,2.0
SourcesOfInterest,FEATURES,FC-44,SourcesOfInterest,FINK_PORTAL,PulsV*,2.0
SourcesOfInterest,FEATURES,FC-59,SourcesOfInterest,FINK_PORTAL,PulsV*,2.0
SourcesOfInterest,FEATURES,FC-6,SourcesOfInterest,FINK_PORTAL,TTauri*,2.0
AlertsOfInterest,FINK_PORTAL,ClG,AlertsOfInterest,FINK_PORTAL,ClG,2.0
AlertsOfInterest,FINK_PORTAL,Blue,AlertsOfInterest,FEATURES,FC-14,2.0
AlertsOfInterest,FINK_PORTAL,EB*,AlertsOfInterest,FEATURES,FC-14,2.0
AlertsOfInterest,FINK_PORTAL,EB*_Candidate,AlertsOfInterest,FEATURES,FC-14,2.0
AlertsOfInterest,FINK_PORTAL,Variable*,AlertsOfInterest,FEATURES,FC-14,2.0
AlertsOfInterest,FINK_PORTAL,BLLac,AlertsOfInterest,FEATURES,FC-6,2.0
AlertsOfInterest,FINK_PORTAL,BYDra,AlertsOfInterest,FEATURES,FC-6,2.0
AlertsOfInterest,FINK_PORTAL,LongPeriodV*,AlertsOfInterest,FEATURES,FC-6,2.0
AlertsOfInterest,FINK_PORTAL,LongPeriodV*_Candidate,AlertsOfInterest,FEATURES,FC-6,2.0
AlertsOfInterest,FINK_PORTAL,RGB*,AlertsOfInterest,FEATURES,FC-6,2.0
AlertsOfInterest,FINK_PORTAL,RRLyrae,AlertsOfInterest,FEATURES,FC-6,2.0
AlertsOfInterest,FINK_PORTAL,RSCVn,AlertsOfInterest,FEATURES,FC-6,2.0
AlertsOfInterest,FINK_PORTAL,SB*,AlertsOfInterest,FEATURES,FC-6,2.0
AlertsOfInterest,FINK_PORTAL,TTauri*,AlertsOfInterest,FEATURES,FC-6,2.0
AlertsOfInterest,FINK_PORTAL,Variable*,AlertsOfInterest,FEATURES,FC-6,2.0
AlertsOfInterest,FEATURES,FC-9,AlertsOfInterest,FEATURES,FC-9,2.0
AlertsOfInterest,FEATURES,FC-36,AlertsOfInterest,FINK_PORTAL,LPV*,2.0
AlertsOfInterest,FEATURES,FC-54,AlertsOfInterest,FINK_PORTAL,LPV*,2.0
AlertsOfInterest,FINK_PORTAL,NearIR,AlertsOfInterest,FINK_PORTAL,NearIR,2.0
AlertsOfInterest,FEATURES,FC-57,AlertsOfInterest,FINK_PORTAL,RRLyrae,2.0
AlertsOfInterest,FEATURES,FC-6,AlertsOfInterest,FINK_PORTAL,RRLyrae,2.0
AlertsOfInterest,FEATURES,FC-23,AlertsOfInterest,FINK_PORTAL,RSCVnV*,2.0
AlertsOfInterest,FINK_PORTAL,RadioG,AlertsOfInterest,FINK_PORTAL,RadioG,2.0
AlertsOfInterest,FEATURES,FC-41,AlertsOfInterest,FINK_PORTAL,YSO_Candidate,2.0
AlertsOfInterest,FEATURES,FC-54,AlertsOfInterest,FINK_PORTAL,YSO_Candidate,2.0
SourcesOfInterest,FEATURES,FC-52,SourcesOfInterest,FINK_PORTAL,BYDra,2.0
SourcesOfInterest,FEATURES,FC-54,SourcesOfInterest,FINK_PORTAL,BYDra,2.0
SourcesOfInterest,FEATURES,FC-6,SourcesOfInterest,FINK_PORTAL,BYDra,2.0
SourcesOfInterest,FINK_PORTAL,BYDraV*,SourcesOfInterest,FEATURES,FC-23,2.0
SourcesOfInterest,FINK_PORTAL,Blue,SourcesOfInterest,FEATURES,FC-23,2.0
SourcesOfInterest,FINK_PORTAL,CataclyV*,SourcesOfInterest,FEATURES,FC-23,2.0
SourcesOfInterest,FINK_PORTAL,RRLyr,SourcesOfInterest,FEATURES,FC-23,2.0
SourcesOfInterest,FINK_PORTAL,RSCVnV*,SourcesOfInterest,FEATURES,FC-23,2.0
SourcesOfInterest,FINK_PORTAL,Radio,SourcesOfInterest,FEATURES,FC-23,2.0
SourcesOfInterest,FINK_PORTAL,Variable*,SourcesOfInterest,FEATURES,FC-23,2.0
SourcesOfInterest,FINK_PORTAL,EB*,SourcesOfInterest,FEATURES,FC-44,2.0
SourcesOfInterest,FINK_PORTAL,PulsV*,SourcesOfInterest,FEATURES,FC-44,2.0
SourcesOfInterest,FINK_PORTAL,EB*,SourcesOfInterest,FEATURES,FC-47,2.0
SourcesOfInterest,FINK_PORTAL,GtowardsCl,SourcesOfInterest,FINK_PORTAL,GtowardsCl,2.0
SourcesOfInterest,FINK_PORTAL,Kilonova candidate,SourcesOfInterest,FINK_PORTAL,Kilonova candidate,2.0
SourcesOfInterest,FEATURES,FC-36,SourcesOfInterest,FINK_PORTAL,LPV*,2.0
SourcesOfInterest,FEATURES,FC-54,SourcesOfInterest,FINK_PORTAL,LPV*,2.0
SourcesOfInterest,FEATURES,FC-6,SourcesOfInterest,FINK_PORTAL,RSCVn,2.0
SourcesOfInterest,FEATURES,FC-23,SourcesOfInterest,FINK_PORTAL,RSCVnV*,2.0
SourcesOfInterest,FEATURES,FC-54,SourcesOfInterest,FINK_PORTAL,V*,2.0
AlertsOfInterest,FEATURES,FC-6,AlertsOfInterest,FINK_PORTAL,BLLac,2.0
AlertsOfInterest,FEATURES,FC-1,AlertsOfInterest,FINK_PORTAL,EclBin,2.0
AlertsOfInterest,FEATURES,FC-38,AlertsOfInterest,FINK_PORTAL,EclBin,2.0
AlertsOfInterest,FEATURES,FC-7,AlertsOfInterest,FINK_PORTAL,EclBin,2.0
AlertsOfInterest,FINK_PORTAL,BYDra,AlertsOfInterest,FEATURES,FC-52,2.0
AlertsOfInterest,FEATURES,FC-59,AlertsOfInterest,FINK_PORTAL,Solar System MPC,2.0
SourcesOfInterest,FEATURES,FC-6,SourcesOfInterest,FINK_PORTAL,BLLac,2.0
SourcesOfInterest,FEATURES,FC-23,SourcesOfInterest,FINK_PORTAL,BYDraV*,2.0
SourcesOfInterest,FEATURES,FC-26,SourcesOfInterest,FINK_PORTAL,BYDraV*,2.0
SourcesOfInterest,FEATURES,FC-7,SourcesOfInterest,FINK_PORTAL,BYDraV*,2.0
SourcesOfInterest,FEATURES,FC-14,SourcesOfInterest,FINK_PORTAL,EB*,2.0
SourcesOfInterest,FEATURES,FC-24,SourcesOfInterest,FINK_PORTAL,EB*,2.0
SourcesOfInterest,FEATURES,FC-44,SourcesOfInterest,FINK_PORTAL,EB*,2.0
SourcesOfInterest,FEATURES,FC-47,SourcesOfInterest,FINK_PORTAL,EB*,2.0
SourcesOfInterest,FEATURES,FC-57,SourcesOfInterest,FINK_PORTAL,EB*,2.0
SourcesOfInterest,FEATURES,FC-59,SourcesOfInterest,FINK_PORTAL,EB*,2.0
SourcesOfInterest,FINK_PORTAL,EclBin,SourcesOfInterest,FEATURES,FC-1,2.0
SourcesOfInterest,FINK_PORTAL,Blue,SourcesOfInterest,FEATURES,FC-2,2.0
SourcesOfInterest,FINK_PORTAL,Star,SourcesOfInterest,FEATURES,FC-2,2.0
SourcesOfInterest,FINK_PORTAL,blue,SourcesOfInterest,FEATURES,FC-2,2.0
SourcesOfInterest,FINK_PORTAL,BYDra,SourcesOfInterest,FEATURES,FC-52,2.0
SourcesOfInterest,FINK_PORTAL,EB*,SourcesOfInterest,FEATURES,FC-57,2.0
SourcesOfInterest,FINK_PORTAL,RRLyrae,SourcesOfInterest,FEATURES,FC-57,2.0
SourcesOfInterest,FEATURES,FC-9,SourcesOfInterest,FEATURES,FC-9,2.0
SourcesOfInterest,FEATURES,FC-41,SourcesOfInterest,FINK_PORTAL,LP*_Candidate,2.0
AlertsOfInterest,FINK_PORTAL,GtowardsCl,AlertsOfInterest,FINK_PORTAL,GtowardsCl,2.0
AlertsOfInterest,FEATURES,FC-6,AlertsOfInterest,FINK_PORTAL,SB*,2.0
AlertsOfInterest,FEATURES,FC-2,AlertsOfInterest,FINK_PORTAL,Star,2.0
AlertsOfInterest,FEATURES,FC-4,AlertsOfInterest,FINK_PORTAL,Star,2.0
AlertsOfInterest,FEATURES,FC-54,AlertsOfInterest,FINK_PORTAL,Star,2.0
SourcesOfInterest,FINK_PORTAL,AGN,SourcesOfInterest,FINK_PORTAL,AGN,2.0
SourcesOfInterest,FINK_PORTAL,ClG,SourcesOfInterest,FINK_PORTAL,ClG,2.0
SourcesOfInterest,FINK_PORTAL,BYDraV*,SourcesOfInterest,FEATURES,FC-26,2.0
SourcesOfInterest,FINK_PORTAL,Star,SourcesOfInterest,FEATURES,FC-4,2.0
SourcesOfInterest,FINK_PORTAL,Variable*,SourcesOfInterest,FEATURES,FC-4,2.0
SourcesOfInterest,FINK_PORTAL,HI,SourcesOfInterest,FINK_PORTAL,HI,2.0
SourcesOfInterest,FINK_PORTAL,HighPM*,SourcesOfInterest,FINK_PORTAL,HighPM*,2.0
SourcesOfInterest,FEATURES,FC-15,SourcesOfInterest,FINK_PORTAL,RRLyr,2.0
SourcesOfInterest,FEATURES,FC-23,SourcesOfInterest,FINK_PORTAL,RRLyr,2.0
SourcesOfInterest,FEATURES,FC-55,SourcesOfInterest,FINK_PORTAL,RRLyr,2.0
SourcesOfInterest,FEATURES,FC-23,SourcesOfInterest,FINK_PORTAL,Radio,2.0
SourcesOfInterest,FEATURES,FC-36,SourcesOfInterest,FINK_PORTAL,Radio,2.0
SourcesOfInterest,FEATURES,FC-14,SourcesOfInterest,FINK_PORTAL,Variable*,2.0
SourcesOfInterest,FEATURES,FC-23,SourcesOfInterest,FINK_PORTAL,Variable*,2.0
SourcesOfInterest,FEATURES,FC-4,SourcesOfInterest,FINK_PORTAL,Variable*,2.0
SourcesOfInterest,FEATURES,FC-6,SourcesOfInterest,FINK_PORTAL,Variable*,2.0
SourcesOfInterest,FEATURES,FC-7,SourcesOfInterest,FINK_PORTAL,Variable*,2.0
SourcesOfInterest,FEATURES,FC-2,SourcesOfInterest,FINK_PORTAL,blue,2.0
AlertsOfInterest,FEATURES,FC-52,AlertsOfInterest,FINK_PORTAL,BYDra,2.0
AlertsOfInterest,FEATURES,FC-54,AlertsOfInterest,FINK_PORTAL,BYDra,2.0
AlertsOfInterest,FEATURES,FC-6,AlertsOfInterest,FINK_PORTAL,BYDra,2.0
AlertsOfInterest,FEATURES,FC-22,AlertsOfInterest,FEATURES,FC-22,2.0
AlertsOfInterest,FINK_PORTAL,EB*,AlertsOfInterest,FEATURES,FC-59,2.0
AlertsOfInterest,FINK_PORTAL,LongPeriodV*_Candidate,AlertsOfInterest,FEATURES,FC-59,2.0
AlertsOfInterest,FINK_PORTAL,PulsV*,AlertsOfInterest,FEATURES,FC-59,2.0
AlertsOfInterest,FINK_PORTAL,Solar System MPC,AlertsOfInterest,FEATURES,FC-59,2.0
AlertsOfInterest,FINK_PORTAL,HI,AlertsOfInterest,FINK_PORTAL,HI,2.0
AlertsOfInterest,FEATURES,FC-41,AlertsOfInterest,FINK_PORTAL,LongPeriodV*,2.0
AlertsOfInterest,FEATURES,FC-6,AlertsOfInterest,FINK_PORTAL,LongPeriodV*,2.0
AlertsOfInterest,FEATURES,FC-54,AlertsOfInterest,FINK_PORTAL,V*,2.0
AlertsOfInterest,FINK_PORTAL,alf2CVnV*,AlertsOfInterest,FINK_PORTAL,alf2CVnV*,2.0
SourcesOfInterest,FEATURES,FC-7,SourcesOfInterest,FINK_PORTAL,C*,1.0
SourcesOfInterest,FINK_PORTAL,RRLyrae,SourcesOfInterest,FEATURES,FC-22,1.0
SourcesOfInterest,FINK_PORTAL,EclBin,SourcesOfInterest,FEATURES,FC-27,1.0
SourcesOfInterest,FINK_PORTAL,Star,SourcesOfInterest,FEATURES,FC-30,1.0
SourcesOfInterest,FINK_PORTAL,EB*,SourcesOfInterest,FEATURES,FC-31,1.0
SourcesOfInterest,FEATURES,FC-33,SourcesOfInterest,FEATURES,FC-33,1.0
SourcesOfInterest,FINK_PORTAL,BYDra,SourcesOfInterest,FEATURES,FC-35,1.0
SourcesOfInterest,FINK_PORTAL,EclBin,SourcesOfInterest,FEATURES,FC-35,1.0
SourcesOfInterest,FINK_PORTAL,Radio,SourcesOfInterest,FEATURES,FC-35,1.0
SourcesOfInterest,FINK_PORTAL,Seyfert2,SourcesOfInterest,FEATURES,FC-35,1.0
SourcesOfInterest,FINK_PORTAL,V*,SourcesOfInterest,FEATURES,FC-35,1.0
SourcesOfInterest,FEATURES,FC-41,SourcesOfInterest,FINK_PORTAL,GtowardsGroup,1.0
SourcesOfInterest,FEATURES,FC-54,SourcesOfInterest,FINK_PORTAL,GtowardsGroup,1.0
SourcesOfInterest,FEATURES,FC-6,SourcesOfInterest,FINK_PORTAL,GtowardsGroup,1.0
SourcesOfInterest,FEATURES,FC-23,SourcesOfInterest,FINK_PORTAL,YSO_Candidate,1.0
SourcesOfInterest,FEATURES,FC-6,SourcesOfInterest,FINK_PORTAL,YSO_Candidate,1.0
SourcesOfInterest,FEATURES,FC-41,SourcesOfInterest,FINK_PORTAL,alf2CVnV*,1.0
AlertsOfInterest,FINK_PORTAL,BlueStraggler,AlertsOfInterest,FINK_PORTAL,BlueStraggler,1.0
AlertsOfInterest,FINK_PORTAL,AGB*,AlertsOfInterest,FEATURES,FC-15,1.0
AlertsOfInterest,FINK_PORTAL,BLLac,AlertsOfInterest,FEATURES,FC-15,1.0
AlertsOfInterest,FINK_PORTAL,EB*,AlertsOfInterest,FEATURES,FC-15,1.0
AlertsOfInterest,FINK_PORTAL,EclBin,AlertsOfInterest,FEATURES,FC-15,1.0
AlertsOfInterest,FINK_PORTAL,LPV*,AlertsOfInterest,FEATURES,FC-15,1.0
AlertsOfInterest,FINK_PORTAL,LongPeriodV*_Candidate,AlertsOfInterest,FEATURES,FC-15,1.0
AlertsOfInterest,FINK_PORTAL,RRLyrae,AlertsOfInterest,FEATURES,FC-15,1.0
AlertsOfInterest,FINK_PORTAL,Radio,AlertsOfInterest,FEATURES,FC-15,1.0
AlertsOfInterest,FINK_PORTAL,EB*_Candidate,AlertsOfInterest,FEATURES,FC-23,1.0
AlertsOfInterest,FINK_PORTAL,LP*_Candidate,AlertsOfInterest,FEATURES,FC-23,1.0
AlertsOfInterest,FINK_PORTAL,LongPeriodV*_Candidate,AlertsOfInterest,FEATURES,FC-23,1.0
AlertsOfInterest,FINK_PORTAL,PulsV*,AlertsOfInterest,FEATURES,FC-23,1.0
AlertsOfInterest,FINK_PORTAL,Seyfert2,AlertsOfInterest,FEATURES,FC-23,1.0
AlertsOfInterest,FINK_PORTAL,Seyfert_2,AlertsOfInterest,FEATURES,FC-23,1.0
AlertsOfInterest,FINK_PORTAL,YSO_Candidate,AlertsOfInterest,FEATURES,FC-23,1.0
AlertsOfInterest,FINK_PORTAL,blue,AlertsOfInterest,FEATURES,FC-23,1.0
AlertsOfInterest,FINK_PORTAL,BYDra,AlertsOfInterest,FEATURES,FC-26,1.0
AlertsOfInterest,FINK_PORTAL,LongPeriodV*,AlertsOfInterest,FEATURES,FC-26,1.0
AlertsOfInterest,FINK_PORTAL,Radio,AlertsOfInterest,FEATURES,FC-26,1.0
AlertsOfInterest,FINK_PORTAL,blue,AlertsOfInterest,FEATURES,FC-26,1.0
AlertsOfInterest,FINK_PORTAL,QSO,AlertsOfInterest,FEATURES,FC-45,1.0
AlertsOfInterest,FINK_PORTAL,GtowardsGroup,AlertsOfInterest,FEATURES,FC-54,1.0
AlertsOfInterest,FINK_PORTAL,LINER,AlertsOfInterest,FEATURES,FC-54,1.0
AlertsOfInterest,FINK_PORTAL,LP*_Candidate,AlertsOfInterest,FEATURES,FC-54,1.0
AlertsOfInterest,FINK_PORTAL,LongPeriodV*,AlertsOfInterest,FEATURES,FC-54,1.0
AlertsOfInterest,FINK_PORTAL,RGB*,AlertsOfInterest,FEATURES,FC-54,1.0
AlertsOfInterest,FINK_PORTAL,RRLyrae,AlertsOfInterest,FEATURES,FC-54,1.0
AlertsOfInterest,FINK_PORTAL,SB*,AlertsOfInterest,FEATURES,FC-54,1.0
AlertsOfInterest,FINK_PORTAL,Seyfert1,AlertsOfInterest,FEATURES,FC-54,1.0
AlertsOfInterest,FINK_PORTAL,TTauri*,AlertsOfInterest,FEATURES,FC-54,1.0
AlertsOfInterest,FINK_PORTAL,Variable*,AlertsOfInterest,FEATURES,FC-54,1.0
AlertsOfInterest,FEATURES,FC-15,AlertsOfInterest,FINK_PORTAL,LongPeriodV*_Candidate,1.0
AlertsOfInterest,FEATURES,FC-23,AlertsOfInterest,FINK_PORTAL,LongPeriodV*_Candidate,1.0
AlertsOfInterest,FEATURES,FC-23,AlertsOfInterest,FINK_PORTAL,PulsV*,1.0
AlertsOfInterest,FEATURES,FC-7,AlertsOfInterest,FINK_PORTAL,PulsV*,1.0
AlertsOfInterest,FINK_PORTAL,S*,AlertsOfInterest,FINK_PORTAL,S*,1.0
AlertsOfInterest,FINK_PORTAL,SN,AlertsOfInterest,FINK_PORTAL,SN,1.0
AlertsOfInterest,FINK_PORTAL,brownD*_Candidate,AlertsOfInterest,FINK_PORTAL,brownD*_Candidate,1.0
SourcesOfInterest,FINK_PORTAL,**,SourcesOfInterest,FINK_PORTAL,**,1.0
SourcesOfInterest,FINK_PORTAL,Cl*,SourcesOfInterest,FINK_PORTAL,Cl*,1.0
SourcesOfInterest,FEATURES,FC-54,SourcesOfInterest,FINK_PORTAL,RGB*,1.0
SourcesOfInterest,FEATURES,FC-14,SourcesOfInterest,FINK_PORTAL,Seyfert_1,1.0
SourcesOfInterest,FEATURES,FC-49,SourcesOfInterest,FINK_PORTAL,Seyfert_1,1.0
AlertsOfInterest,FEATURES,FC-15,AlertsOfInterest,FINK_PORTAL,EB*,1.0
AlertsOfInterest,FEATURES,FC-31,AlertsOfInterest,FINK_PORTAL,EB*,1.0
AlertsOfInterest,FEATURES,FC-38,AlertsOfInterest,FINK_PORTAL,EB*,1.0
AlertsOfInterest,FEATURES,FC-46,AlertsOfInterest,FINK_PORTAL,EB*,1.0
AlertsOfInterest,FINK_PORTAL,Star,AlertsOfInterest,FEATURES,FC-30,1.0
AlertsOfInterest,FINK_PORTAL,EclBin,AlertsOfInterest,FEATURES,FC-44,1.0
AlertsOfInterest,FINK_PORTAL,Radio,AlertsOfInterest,FEATURES,FC-44,1.0
AlertsOfInterest,FINK_PORTAL,Seyfert_2,AlertsOfInterest,FEATURES,FC-44,1.0
AlertsOfInterest,FINK_PORTAL,EclBin,AlertsOfInterest,FEATURES,FC-47,1.0
AlertsOfInterest,FINK_PORTAL,LongPeriodV*,AlertsOfInterest,FEATURES,FC-47,1.0
AlertsOfInterest,FINK_PORTAL,RRLyr,AlertsOfInterest,FEATURES,FC-47,1.0
AlertsOfInterest,FINK_PORTAL,RRLyrae,AlertsOfInterest,FEATURES,FC-47,1.0
AlertsOfInterest,FEATURES,FC-48,AlertsOfInterest,FEATURES,FC-48,1.0
AlertsOfInterest,FEATURES,FC-59,AlertsOfInterest,FINK_PORTAL,GinGroup,1.0
AlertsOfInterest,FEATURES,FC-14,AlertsOfInterest,FINK_PORTAL,HighPM*,1.0
AlertsOfInterest,FEATURES,FC-49,AlertsOfInterest,FINK_PORTAL,HighPM*,1.0
AlertsOfInterest,FEATURES,FC-15,AlertsOfInterest,FINK_PORTAL,Radio,1.0
AlertsOfInterest,FEATURES,FC-26,AlertsOfInterest,FINK_PORTAL,Radio,1.0
AlertsOfInterest,FEATURES,FC-35,AlertsOfInterest,FINK_PORTAL,Radio,1.0
AlertsOfInterest,FEATURES,FC-44,AlertsOfInterest,FINK_PORTAL,Radio,1.0
AlertsOfInterest,FEATURES,FC-7,AlertsOfInterest,FINK_PORTAL,Radio,1.0
AlertsOfInterest,FEATURES,FC-23,AlertsOfInterest,FINK_PORTAL,Seyfert_2,1.0
AlertsOfInterest,FEATURES,FC-36,AlertsOfInterest,FINK_PORTAL,Seyfert_2,1.0
AlertsOfInterest,FEATURES,FC-4,AlertsOfInterest,FINK_PORTAL,Seyfert_2,1.0
AlertsOfInterest,FEATURES,FC-44,AlertsOfInterest,FINK_PORTAL,Seyfert_2,1.0
AlertsOfInterest,FEATURES,FC-7,AlertsOfInterest,FINK_PORTAL,Seyfert_2,1.0
AlertsOfInterest,FEATURES,FC-2,AlertsOfInterest,FINK_PORTAL,X,1.0
AlertsOfInterest,FINK_PORTAL,X,AlertsOfInterest,FINK_PORTAL,X,1.0
AlertsOfInterest,FEATURES,FC-2,AlertsOfInterest,FINK_PORTAL,low-mass*,1.0
AlertsOfInterest,FINK_PORTAL,low-mass*,AlertsOfInterest,FINK_PORTAL,low-mass*,1.0
SourcesOfInterest,FEATURES,FC-7,SourcesOfInterest,FINK_PORTAL,AGN_Candidate,1.0
SourcesOfInterest,FEATURES,FC-41,SourcesOfInterest,FINK_PORTAL,CV*_Candidate,1.0
SourcesOfInterest,FEATURES,FC-59,SourcesOfInterest,FINK_PORTAL,CV*_Candidate,1.0
SourcesOfInterest,FEATURES,FC-23,SourcesOfInterest,FINK_PORTAL,EB*_Candidate,1.0
SourcesOfInterest,FEATURES,FC-59,SourcesOfInterest,FINK_PORTAL,EB*_Candidate,1.0
SourcesOfInterest,FEATURES,FC-6,SourcesOfInterest,FINK_PORTAL,EB*_Candidate,1.0
SourcesOfInterest,FEATURES,FC-15,SourcesOfInterest,FINK_PORTAL,EclBin,1.0
SourcesOfInterest,FEATURES,FC-24,SourcesOfInterest,FINK_PORTAL,EclBin,1.0
SourcesOfInterest,FEATURES,FC-27,SourcesOfInterest,FINK_PORTAL,EclBin,1.0
SourcesOfInterest,FEATURES,FC-35,SourcesOfInterest,FINK_PORTAL,EclBin,1.0
SourcesOfInterest,FEATURES,FC-44,SourcesOfInterest,FINK_PORTAL,EclBin,1.0
SourcesOfInterest,FEATURES,FC-47,SourcesOfInterest,FINK_PORTAL,EclBin,1.0
SourcesOfInterest,FEATURES,FC-59,SourcesOfInterest,FINK_PORTAL,Em*,1.0
SourcesOfInterest,FEATURES,FC-7,SourcesOfInterest,FINK_PORTAL,Em*,1.0
SourcesOfInterest,FEATURES,FC-6,SourcesOfInterest,FINK_PORTAL,EmG,1.0
SourcesOfInterest,FEATURES,FC-0,SourcesOfInterest,FEATURES,FC-0,1.0
SourcesOfInterest,FINK_PORTAL,AGB*,SourcesOfInterest,FEATURES,FC-15,1.0
SourcesOfInterest,FINK_PORTAL,BLLac,SourcesOfInterest,FEATURES,FC-15,1.0
SourcesOfInterest,FINK_PORTAL,EB*,SourcesOfInterest,FEATURES,FC-15,1.0
SourcesOfInterest,FINK_PORTAL,EclBin,SourcesOfInterest,FEATURES,FC-15,1.0
SourcesOfInterest,FINK_PORTAL,LPV*,SourcesOfInterest,FEATURES,FC-15,1.0
SourcesOfInterest,FINK_PORTAL,LongPeriodV*_Candidate,SourcesOfInterest,FEATURES,FC-15,1.0
SourcesOfInterest,FINK_PORTAL,RRLyrae,SourcesOfInterest,FEATURES,FC-15,1.0
SourcesOfInterest,FINK_PORTAL,Radio,SourcesOfInterest,FEATURES,FC-15,1.0
SourcesOfInterest,FINK_PORTAL,QSO,SourcesOfInterest,FEATURES,FC-45,1.0
SourcesOfInterest,FINK_PORTAL,EB*,SourcesOfInterest,FEATURES,FC-46,1.0
SourcesOfInterest,FINK_PORTAL,RRLyr,SourcesOfInterest,FEATURES,FC-46,1.0
SourcesOfInterest,FEATURES,FC-48,SourcesOfInterest,FEATURES,FC-48,1.0
SourcesOfInterest,FINK_PORTAL,BYDraV*,SourcesOfInterest,FEATURES,FC-59,1.0
SourcesOfInterest,FINK_PORTAL,CV*_Candidate,SourcesOfInterest,FEATURES,FC-59,1.0
SourcesOfInterest,FINK_PORTAL,EB*_Candidate,SourcesOfInterest,FEATURES,FC-59,1.0
SourcesOfInterest,FINK_PORTAL,EclBin_Candidate,SourcesOfInterest,FEATURES,FC-59,1.0
SourcesOfInterest,FINK_PORTAL,Em*,SourcesOfInterest,FEATURES,FC-59,1.0
SourcesOfInterest,FINK_PORTAL,GinGroup,SourcesOfInterest,FEATURES,FC-59,1.0
SourcesOfInterest,FINK_PORTAL,GtowardsCl,SourcesOfInterest,FEATURES,FC-59,1.0
SourcesOfInterest,FINK_PORTAL,HB*_Candidate,SourcesOfInterest,FEATURES,FC-59,1.0
SourcesOfInterest,FINK_PORTAL,HorBranch*,SourcesOfInterest,FEATURES,FC-59,1.0
SourcesOfInterest,FINK_PORTAL,LINER,SourcesOfInterest,FEATURES,FC-59,1.0
SourcesOfInterest,FINK_PORTAL,LP*_Candidate,SourcesOfInterest,FEATURES,FC-59,1.0
SourcesOfInterest,FINK_PORTAL,PulsV*delSct,SourcesOfInterest,FEATURES,FC-59,1.0
SourcesOfInterest,FINK_PORTAL,RRLyr,SourcesOfInterest,FEATURES,FC-59,1.0
SourcesOfInterest,FINK_PORTAL,RSCVnV*,SourcesOfInterest,FEATURES,FC-59,1.0
SourcesOfInterest,FINK_PORTAL,RotV*,SourcesOfInterest,FEATURES,FC-59,1.0
SourcesOfInterest,FINK_PORTAL,YSO,SourcesOfInterest,FEATURES,FC-59,1.0
SourcesOfInterest,FEATURES,FC-41,SourcesOfInterest,FINK_PORTAL,HB*_Candidate,1.0
SourcesOfInterest,FEATURES,FC-59,SourcesOfInterest,FINK_PORTAL,HB*_Candidate,1.0
SourcesOfInterest,FEATURES,FC-54,SourcesOfInterest,FINK_PORTAL,LINER,1.0
SourcesOfInterest,FEATURES,FC-59,SourcesOfInterest,FINK_PORTAL,LINER,1.0
SourcesOfInterest,FEATURES,FC-26,SourcesOfInterest,FINK_PORTAL,LongPeriodV*,1.0
SourcesOfInterest,FEATURES,FC-47,SourcesOfInterest,FINK_PORTAL,LongPeriodV*,1.0
SourcesOfInterest,FEATURES,FC-54,SourcesOfInterest,FINK_PORTAL,LongPeriodV*,1.0
SourcesOfInterest,FINK_PORTAL,Planet,SourcesOfInterest,FINK_PORTAL,Planet,1.0
SourcesOfInterest,FEATURES,FC-15,SourcesOfInterest,FINK_PORTAL,RRLyrae,1.0
SourcesOfInterest,FEATURES,FC-22,SourcesOfInterest,FINK_PORTAL,RRLyrae,1.0
SourcesOfInterest,FEATURES,FC-41,SourcesOfInterest,FINK_PORTAL,RRLyrae,1.0
SourcesOfInterest,FEATURES,FC-47,SourcesOfInterest,FINK_PORTAL,RRLyrae,1.0
SourcesOfInterest,FEATURES,FC-54,SourcesOfInterest,FINK_PORTAL,RRLyrae,1.0
SourcesOfInterest,FEATURES,FC-7,SourcesOfInterest,FINK_PORTAL,RRLyrae,1.0
SourcesOfInterest,FINK_PORTAL,RSG*_Candidate,SourcesOfInterest,FINK_PORTAL,RSG*_Candidate,1.0
SourcesOfInterest,FINK_PORTAL,brownD*_Candidate,SourcesOfInterest,FINK_PORTAL,brownD*_Candidate,1.0
AlertsOfInterest,FEATURES,FC-14,AlertsOfInterest,FINK_PORTAL,AGB*,1.0
AlertsOfInterest,FEATURES,FC-15,AlertsOfInterest,FINK_PORTAL,AGB*,1.0
AlertsOfInterest,FEATURES,FC-7,AlertsOfInterest,FINK_PORTAL,AGN_Candidate,1.0
AlertsOfInterest,FEATURES,FC-36,AlertsOfInterest,FINK_PORTAL,CataclyV*,1.0
AlertsOfInterest,FEATURES,FC-49,AlertsOfInterest,FINK_PORTAL,CataclyV*,1.0
AlertsOfInterest,FEATURES,FC-6,AlertsOfInterest,FINK_PORTAL,CataclyV*,1.0
AlertsOfInterest,FEATURES,FC-6,AlertsOfInterest,FINK_PORTAL,ChemPec*,1.0
AlertsOfInterest,FINK_PORTAL,Cl*,AlertsOfInterest,FINK_PORTAL,Cl*,1.0
AlertsOfInterest,FEATURES,FC-23,AlertsOfInterest,FINK_PORTAL,EB*_Candidate,1.0
AlertsOfInterest,FEATURES,FC-59,AlertsOfInterest,FINK_PORTAL,EB*_Candidate,1.0
AlertsOfInterest,FEATURES,FC-6,AlertsOfInterest,FINK_PORTAL,EB*_Candidate,1.0
AlertsOfInterest,FEATURES,FC-6,AlertsOfInterest,FINK_PORTAL,EmG,1.0
AlertsOfInterest,FEATURES,FC-0,AlertsOfInterest,FEATURES,FC-0,1.0
AlertsOfInterest,FINK_PORTAL,V*,AlertsOfInterest,FEATURES,FC-1,1.0
AlertsOfInterest,FINK_PORTAL,BYDra,AlertsOfInterest,FEATURES,FC-24,1.0
AlertsOfInterest,FINK_PORTAL,EclBin,AlertsOfInterest,FEATURES,FC-24,1.0
AlertsOfInterest,FINK_PORTAL,RotV*,AlertsOfInterest,FEATURES,FC-24,1.0
AlertsOfInterest,FINK_PORTAL,Variable*,AlertsOfInterest,FEATURES,FC-24,1.0
AlertsOfInterest,FINK_PORTAL,blue,AlertsOfInterest,FEATURES,FC-24,1.0
AlertsOfInterest,FINK_PORTAL,EclBin,AlertsOfInterest,FEATURES,FC-27,1.0
AlertsOfInterest,FINK_PORTAL,EB*,AlertsOfInterest,FEATURES,FC-38,1.0
AlertsOfInterest,FINK_PORTAL,RSCVnV*,AlertsOfInterest,FEATURES,FC-38,1.0
AlertsOfInterest,FINK_PORTAL,RSCVn,AlertsOfInterest,FEATURES,FC-4,1.0
AlertsOfInterest,FINK_PORTAL,Seyfert_2,AlertsOfInterest,FEATURES,FC-4,1.0
AlertsOfInterest,FINK_PORTAL,blue,AlertsOfInterest,FEATURES,FC-4,1.0
AlertsOfInterest,FINK_PORTAL,Blue,AlertsOfInterest,FEATURES,FC-41,1.0
AlertsOfInterest,FINK_PORTAL,CV*_Candidate,AlertsOfInterest,FEATURES,FC-41,1.0
AlertsOfInterest,FINK_PORTAL,GtowardsGroup,AlertsOfInterest,FEATURES,FC-41,1.0
AlertsOfInterest,FINK_PORTAL,HB*_Candidate,AlertsOfInterest,FEATURES,FC-41,1.0
AlertsOfInterest,FINK_PORTAL,QSO_Candidate,AlertsOfInterest,FEATURES,FC-41,1.0
AlertsOfInterest,FINK_PORTAL,RRLyr,AlertsOfInterest,FEATURES,FC-41,1.0
AlertsOfInterest,FINK_PORTAL,RRLyrae,AlertsOfInterest,FEATURES,FC-41,1.0
AlertsOfInterest,FINK_PORTAL,RotV*,AlertsOfInterest,FEATURES,FC-41,1.0
AlertsOfInterest,FINK_PORTAL,SB*,AlertsOfInterest,FEATURES,FC-41,1.0
AlertsOfInterest,FINK_PORTAL,Seyfert2,AlertsOfInterest,FEATURES,FC-41,1.0
AlertsOfInterest,FINK_PORTAL,Variable*,AlertsOfInterest,FEATURES,FC-41,1.0
AlertsOfInterest,FINK_PORTAL,alf2CVnV*,AlertsOfInterest,FEATURES,FC-41,1.0
AlertsOfInterest,FINK_PORTAL,blue,AlertsOfInterest,FEATURES,FC-41,1.0
AlertsOfInterest,FINK_PORTAL,delSctV*,AlertsOfInterest,FEATURES,FC-41,1.0
AlertsOfInterest,FEATURES,FC-50,AlertsOfInterest,FEATURES,FC-50,1.0
AlertsOfInterest,FINK_PORTAL,QSO,AlertsOfInterest,FEATURES,FC-57,1.0
AlertsOfInterest,FINK_PORTAL,AGN_Candidate,AlertsOfInterest,FEATURES,FC-7,1.0
AlertsOfInterest,FINK_PORTAL,BLLac,AlertsOfInterest,FEATURES,FC-7,1.0
AlertsOfInterest,FINK_PORTAL,Blue,AlertsOfInterest,FEATURES,FC-7,1.0
AlertsOfInterest,FINK_PORTAL,C*,AlertsOfInterest,FEATURES,FC-7,1.0
AlertsOfInterest,FINK_PORTAL,Em*,AlertsOfInterest,FEATURES,FC-7,1.0
AlertsOfInterest,FINK_PORTAL,PulsV*,AlertsOfInterest,FEATURES,FC-7,1.0
AlertsOfInterest,FINK_PORTAL,RRLyr,AlertsOfInterest,FEATURES,FC-7,1.0
AlertsOfInterest,FINK_PORTAL,RRLyrae,AlertsOfInterest,FEATURES,FC-7,1.0
AlertsOfInterest,FINK_PORTAL,Radio,AlertsOfInterest,FEATURES,FC-7,1.0
AlertsOfInterest,FINK_PORTAL,RotV*,AlertsOfInterest,FEATURES,FC-7,1.0
AlertsOfInterest,FINK_PORTAL,SB*,AlertsOfInterest,FEATURES,FC-7,1.0
AlertsOfInterest,FINK_PORTAL,Seyfert_2,AlertsOfInterest,FEATURES,FC-7,1.0
AlertsOfInterest,FEATURES,FC-41,AlertsOfInterest,FINK_PORTAL,GtowardsGroup,1.0
AlertsOfInterest,FEATURES,FC-54,AlertsOfInterest,FINK_PORTAL,GtowardsGroup,1.0
AlertsOfInterest,FEATURES,FC-6,AlertsOfInterest,FINK_PORTAL,GtowardsGroup,1.0
AlertsOfInterest,FEATURES,FC-41,AlertsOfInterest,FINK_PORTAL,HB*_Candidate,1.0
AlertsOfInterest,FEATURES,FC-59,AlertsOfInterest,FINK_PORTAL,HB*_Candidate,1.0
AlertsOfInterest,FEATURES,FC-14,AlertsOfInterest,FINK_PORTAL,HMXB,1.0
AlertsOfInterest,FEATURES,FC-59,AlertsOfInterest,FINK_PORTAL,HorBranch*,1.0
AlertsOfInterest,FINK_PORTAL,HorBranch*,AlertsOfInterest,FINK_PORTAL,HorBranch*,1.0
AlertsOfInterest,FEATURES,FC-54,AlertsOfInterest,FINK_PORTAL,LINER,1.0
AlertsOfInterest,FEATURES,FC-59,AlertsOfInterest,FINK_PORTAL,LINER,1.0
AlertsOfInterest,FEATURES,FC-14,AlertsOfInterest,FINK_PORTAL,LP*_Candidate,1.0
AlertsOfInterest,FEATURES,FC-23,AlertsOfInterest,FINK_PORTAL,LP*_Candidate,1.0
AlertsOfInterest,FEATURES,FC-54,AlertsOfInterest,FINK_PORTAL,LP*_Candidate,1.0
AlertsOfInterest,FEATURES,FC-59,AlertsOfInterest,FINK_PORTAL,LP*_Candidate,1.0
AlertsOfInterest,FEATURES,FC-6,AlertsOfInterest,FINK_PORTAL,LP*_Candidate,1.0
AlertsOfInterest,FEATURES,FC-4,AlertsOfInterest,FINK_PORTAL,RSCVn,1.0
AlertsOfInterest,FINK_PORTAL,RSG*_Candidate,AlertsOfInterest,FINK_PORTAL,RSG*_Candidate,1.0
AlertsOfInterest,FEATURES,FC-14,AlertsOfInterest,FINK_PORTAL,Seyfert1,1.0
AlertsOfInterest,FEATURES,FC-54,AlertsOfInterest,FINK_PORTAL,Seyfert1,1.0
AlertsOfInterest,FEATURES,FC-14,AlertsOfInterest,FINK_PORTAL,Seyfert_1,1.0
AlertsOfInterest,FEATURES,FC-49,AlertsOfInterest,FINK_PORTAL,Seyfert_1,1.0
AlertsOfInterest,FEATURES,FC-54,AlertsOfInterest,FINK_PORTAL,TTauri*,1.0
AlertsOfInterest,FEATURES,FC-24,AlertsOfInterest,FINK_PORTAL,Variable*,1.0
AlertsOfInterest,FEATURES,FC-36,AlertsOfInterest,FINK_PORTAL,Variable*,1.0
AlertsOfInterest,FEATURES,FC-41,AlertsOfInterest,FINK_PORTAL,Variable*,1.0
AlertsOfInterest,FEATURES,FC-49,AlertsOfInterest,FINK_PORTAL,Variable*,1.0
AlertsOfInterest,FEATURES,FC-54,AlertsOfInterest,FINK_PORTAL,Variable*,1.0
AlertsOfInterest,FEATURES,FC-41,AlertsOfInterest,FINK_PORTAL,delSctV*,1.0
SourcesOfInterest,FEATURES,FC-41,SourcesOfInterest,FINK_PORTAL,Blue,1.0
SourcesOfInterest,FEATURES,FC-7,SourcesOfInterest,FINK_PORTAL,Blue,1.0
SourcesOfInterest,FINK_PORTAL,EB*,SourcesOfInterest,FEATURES,FC-38,1.0
SourcesOfInterest,FINK_PORTAL,RSCVnV*,SourcesOfInterest,FEATURES,FC-38,1.0
SourcesOfInterest,FEATURES,FC-59,SourcesOfInterest,FINK_PORTAL,GinGroup,1.0
SourcesOfInterest,FEATURES,FC-15,SourcesOfInterest,FINK_PORTAL,LongPeriodV*_Candidate,1.0
SourcesOfInterest,FEATURES,FC-23,SourcesOfInterest,FINK_PORTAL,LongPeriodV*_Candidate,1.0
SourcesOfInterest,FEATURES,FC-14,SourcesOfInterest,FINK_PORTAL,Seyfert1,1.0
SourcesOfInterest,FEATURES,FC-54,SourcesOfInterest,FINK_PORTAL,Seyfert1,1.0
SourcesOfInterest,FEATURES,FC-14,SourcesOfInterest,FINK_PORTAL,Star,1.0
SourcesOfInterest,FEATURES,FC-30,SourcesOfInterest,FINK_PORTAL,Star,1.0
SourcesOfInterest,FEATURES,FC-49,SourcesOfInterest,FINK_PORTAL,Star,1.0
AlertsOfInterest,FEATURES,FC-41,AlertsOfInterest,FINK_PORTAL,Blue,1.0
AlertsOfInterest,FEATURES,FC-7,AlertsOfInterest,FINK_PORTAL,Blue,1.0
AlertsOfInterest,FINK_PORTAL,X,AlertsOfInterest,FEATURES,FC-2,1.0
AlertsOfInterest,FINK_PORTAL,low-mass*,AlertsOfInterest,FEATURES,FC-2,1.0
AlertsOfInterest,FEATURES,FC-33,AlertsOfInterest,FEATURES,FC-33,1.0
AlertsOfInterest,FINK_PORTAL,CataclyV*,AlertsOfInterest,FEATURES,FC-36,1.0
AlertsOfInterest,FINK_PORTAL,RSCVnV*,AlertsOfInterest,FEATURES,FC-36,1.0
AlertsOfInterest,FINK_PORTAL,Seyfert_2,AlertsOfInterest,FEATURES,FC-36,1.0
AlertsOfInterest,FINK_PORTAL,V*,AlertsOfInterest,FEATURES,FC-36,1.0
AlertsOfInterest,FINK_PORTAL,Variable*,AlertsOfInterest,FEATURES,FC-36,1.0
AlertsOfInterest,FEATURES,FC-45,AlertsOfInterest,FINK_PORTAL,QSO,1.0
AlertsOfInterest,FEATURES,FC-57,AlertsOfInterest,FINK_PORTAL,QSO,1.0
AlertsOfInterest,FEATURES,FC-24,AlertsOfInterest,FINK_PORTAL,RotV*,1.0
AlertsOfInterest,FEATURES,FC-41,AlertsOfInterest,FINK_PORTAL,RotV*,1.0
AlertsOfInterest,FEATURES,FC-59,AlertsOfInterest,FINK_PORTAL,RotV*,1.0
AlertsOfInterest,FEATURES,FC-6,AlertsOfInterest,FINK_PORTAL,RotV*,1.0
AlertsOfInterest,FEATURES,FC-7,AlertsOfInterest,FINK_PORTAL,RotV*,1.0
SourcesOfInterest,FEATURES,FC-36,SourcesOfInterest,FINK_PORTAL,CataclyV*,1.0
SourcesOfInterest,FEATURES,FC-49,SourcesOfInterest,FINK_PORTAL,CataclyV*,1.0
SourcesOfInterest,FEATURES,FC-6,SourcesOfInterest,FINK_PORTAL,CataclyV*,1.0
SourcesOfInterest,FEATURES,FC-6,SourcesOfInterest,FINK_PORTAL,ChemPec*,1.0
SourcesOfInterest,FINK_PORTAL,CataclyV*,SourcesOfInterest,FEATURES,FC-36,1.0
SourcesOfInterest,FINK_PORTAL,RSCVnV*,SourcesOfInterest,FEATURES,FC-36,1.0
SourcesOfInterest,FINK_PORTAL,Seyfert_2,SourcesOfInterest,FEATURES,FC-36,1.0
SourcesOfInterest,FINK_PORTAL,V*,SourcesOfInterest,FEATURES,FC-36,1.0
SourcesOfInterest,FINK_PORTAL,Variable*,SourcesOfInterest,FEATURES,FC-36,1.0
SourcesOfInterest,FINK_PORTAL,GtowardsGroup,SourcesOfInterest,FEATURES,FC-54,1.0
SourcesOfInterest,FINK_PORTAL,LINER,SourcesOfInterest,FEATURES,FC-54,1.0
SourcesOfInterest,FINK_PORTAL,LP*_Candidate,SourcesOfInterest,FEATURES,FC-54,1.0
SourcesOfInterest,FINK_PORTAL,LongPeriodV*,SourcesOfInterest,FEATURES,FC-54,1.0
SourcesOfInterest,FINK_PORTAL,RGB*,SourcesOfInterest,FEATURES,FC-54,1.0
SourcesOfInterest,FINK_PORTAL,RRLyrae,SourcesOfInterest,FEATURES,FC-54,1.0
SourcesOfInterest,FINK_PORTAL,SB*,SourcesOfInterest,FEATURES,FC-54,1.0
SourcesOfInterest,FINK_PORTAL,Seyfert1,SourcesOfInterest,FEATURES,FC-54,1.0
SourcesOfInterest,FINK_PORTAL,TTauri*,SourcesOfInterest,FEATURES,FC-54,1.0
SourcesOfInterest,FINK_PORTAL,Variable*,SourcesOfInterest,FEATURES,FC-54,1.0
SourcesOfInterest,FEATURES,FC-41,SourcesOfInterest,FINK_PORTAL,SB*,1.0
SourcesOfInterest,FEATURES,FC-54,SourcesOfInterest,FINK_PORTAL,SB*,1.0
SourcesOfInterest,FEATURES,FC-7,SourcesOfInterest,FINK_PORTAL,SB*,1.0
SourcesOfInterest,FEATURES,FC-41,SourcesOfInterest,FINK_PORTAL,delSctV*,1.0
AlertsOfInterest,FEATURES,FC-59,AlertsOfInterest,FINK_PORTAL,BYDraV*,1.0
AlertsOfInterest,FEATURES,FC-59,AlertsOfInterest,FINK_PORTAL,EclBin_Candidate,1.0
AlertsOfInterest,FEATURES,FC-41,AlertsOfInterest,FINK_PORTAL,QSO_Candidate,1.0
AlertsOfInterest,FINK_PORTAL,QSO_Candidate,AlertsOfInterest,FINK_PORTAL,QSO_Candidate,1.0
AlertsOfInterest,FEATURES,FC-54,AlertsOfInterest,FINK_PORTAL,RGB*,1.0
AlertsOfInterest,FEATURES,FC-14,AlertsOfInterest,FINK_PORTAL,RRLyr,1.0
AlertsOfInterest,FEATURES,FC-41,AlertsOfInterest,FINK_PORTAL,RRLyr,1.0
AlertsOfInterest,FEATURES,FC-46,AlertsOfInterest,FINK_PORTAL,RRLyr,1.0
AlertsOfInterest,FEATURES,FC-47,AlertsOfInterest,FINK_PORTAL,RRLyr,1.0
AlertsOfInterest,FEATURES,FC-59,AlertsOfInterest,FINK_PORTAL,RRLyr,1.0
AlertsOfInterest,FEATURES,FC-7,AlertsOfInterest,FINK_PORTAL,RRLyr,1.0
AlertsOfInterest,FEATURES,FC-23,AlertsOfInterest,FINK_PORTAL,blue,1.0
AlertsOfInterest,FEATURES,FC-24,AlertsOfInterest,FINK_PORTAL,blue,1.0
AlertsOfInterest,FEATURES,FC-26,AlertsOfInterest,FINK_PORTAL,blue,1.0
AlertsOfInterest,FEATURES,FC-4,AlertsOfInterest,FINK_PORTAL,blue,1.0
AlertsOfInterest,FEATURES,FC-41,AlertsOfInterest,FINK_PORTAL,blue,1.0
AlertsOfInterest,FINK_PORTAL,deltaCep,AlertsOfInterest,FINK_PORTAL,deltaCep,1.0
SourcesOfInterest,FINK_PORTAL,AGB*,SourcesOfInterest,FEATURES,FC-14,1.0
SourcesOfInterest,FINK_PORTAL,HMXB,SourcesOfInterest,FEATURES,FC-14,1.0
SourcesOfInterest,FINK_PORTAL,HighPM*,SourcesOfInterest,FEATURES,FC-14,1.0
SourcesOfInterest,FINK_PORTAL,LP*_Candidate,SourcesOfInterest,FEATURES,FC-14,1.0
SourcesOfInterest,FINK_PORTAL,RRLyr,SourcesOfInterest,FEATURES,FC-14,1.0
SourcesOfInterest,FINK_PORTAL,Seyfert1,SourcesOfInterest,FEATURES,FC-14,1.0
SourcesOfInterest,FINK_PORTAL,Seyfert_1,SourcesOfInterest,FEATURES,FC-14,1.0
SourcesOfInterest,FINK_PORTAL,Star,SourcesOfInterest,FEATURES,FC-14,1.0
SourcesOfInterest,FINK_PORTAL,V*,SourcesOfInterest,FEATURES,FC-14,1.0
SourcesOfInterest,FINK_PORTAL,BYDra,SourcesOfInterest,FEATURES,FC-24,1.0
SourcesOfInterest,FINK_PORTAL,EclBin,SourcesOfInterest,FEATURES,FC-24,1.0
SourcesOfInterest,FINK_PORTAL,RotV*,SourcesOfInterest,FEATURES,FC-24,1.0
SourcesOfInterest,FINK_PORTAL,Variable*,SourcesOfInterest,FEATURES,FC-24,1.0
SourcesOfInterest,FINK_PORTAL,blue,SourcesOfInterest,FEATURES,FC-24,1.0
SourcesOfInterest,FINK_PORTAL,Blue,SourcesOfInterest,FEATURES,FC-41,1.0
SourcesOfInterest,FINK_PORTAL,CV*_Candidate,SourcesOfInterest,FEATURES,FC-41,1.0
SourcesOfInterest,FINK_PORTAL,GtowardsGroup,SourcesOfInterest,FEATURES,FC-41,1.0
SourcesOfInterest,FINK_PORTAL,HB*_Candidate,SourcesOfInterest,FEATURES,FC-41,1.0
SourcesOfInterest,FINK_PORTAL,QSO_Candidate,SourcesOfInterest,FEATURES,FC-41,1.0
SourcesOfInterest,FINK_PORTAL,RRLyr,SourcesOfInterest,FEATURES,FC-41,1.0
SourcesOfInterest,FINK_PORTAL,RRLyrae,SourcesOfInterest,FEATURES,FC-41,1.0
SourcesOfInterest,FINK_PORTAL,RotV*,SourcesOfInterest,FEATURES,FC-41,1.0
SourcesOfInterest,FINK_PORTAL,SB*,SourcesOfInterest,FEATURES,FC-41,1.0
SourcesOfInterest,FINK_PORTAL,Seyfert2,SourcesOfInterest,FEATURES,FC-41,1.0
SourcesOfInterest,FINK_PORTAL,Variable*,SourcesOfInterest,FEATURES,FC-41,1.0
SourcesOfInterest,FINK_PORTAL,alf2CVnV*,SourcesOfInterest,FEATURES,FC-41,1.0
SourcesOfInterest,FINK_PORTAL,blue,SourcesOfInterest,FEATURES,FC-41,1.0
SourcesOfInterest,FINK_PORTAL,delSctV*,SourcesOfInterest,FEATURES,FC-41,1.0
SourcesOfInterest,FINK_PORTAL,CataclyV*,SourcesOfInterest,FEATURES,FC-6,1.0
SourcesOfInterest,FINK_PORTAL,ChemPec*,SourcesOfInterest,FEATURES,FC-6,1.0
SourcesOfInterest,FINK_PORTAL,EB*_Candidate,SourcesOfInterest,FEATURES,FC-6,1.0
SourcesOfInterest,FINK_PORTAL,EmG,SourcesOfInterest,FEATURES,FC-6,1.0
SourcesOfInterest,FINK_PORTAL,GtowardsCl,SourcesOfInterest,FEATURES,FC-6,1.0
SourcesOfInterest,FINK_PORTAL,GtowardsGroup,SourcesOfInterest,FEATURES,FC-6,1.0
SourcesOfInterest,FINK_PORTAL,LP*_Candidate,SourcesOfInterest,FEATURES,FC-6,1.0
SourcesOfInterest,FINK_PORTAL,RotV*,SourcesOfInterest,FEATURES,FC-6,1.0
SourcesOfInterest,FINK_PORTAL,TTau*,SourcesOfInterest,FEATURES,FC-6,1.0
SourcesOfInterest,FINK_PORTAL,YSO_Candidate,SourcesOfInterest,FEATURES,FC-6,1.0
SourcesOfInterest,FINK_PORTAL,AGN_Candidate,SourcesOfInterest,FEATURES,FC-7,1.0
SourcesOfInterest,FINK_PORTAL,BLLac,SourcesOfInterest,FEATURES,FC-7,1.0
SourcesOfInterest,FINK_PORTAL,Blue,SourcesOfInterest,FEATURES,FC-7,1.0
SourcesOfInterest,FINK_PORTAL,C*,SourcesOfInterest,FEATURES,FC-7,1.0
SourcesOfInterest,FINK_PORTAL,Em*,SourcesOfInterest,FEATURES,FC-7,1.0
SourcesOfInterest,FINK_PORTAL,PulsV*,SourcesOfInterest,FEATURES,FC-7,1.0
SourcesOfInterest,FINK_PORTAL,RRLyr,SourcesOfInterest,FEATURES,FC-7,1.0
SourcesOfInterest,FINK_PORTAL,RRLyrae,SourcesOfInterest,FEATURES,FC-7,1.0
SourcesOfInterest,FINK_PORTAL,Radio,SourcesOfInterest,FEATURES,FC-7,1.0
SourcesOfInterest,FINK_PORTAL,RotV*,SourcesOfInterest,FEATURES,FC-7,1.0
SourcesOfInterest,FINK_PORTAL,SB*,SourcesOfInterest,FEATURES,FC-7,1.0
SourcesOfInterest,FINK_PORTAL,Seyfert_2,SourcesOfInterest,FEATURES,FC-7,1.0
SourcesOfInterest,FEATURES,FC-23,SourcesOfInterest,FINK_PORTAL,PulsV*,1.0
SourcesOfInterest,FEATURES,FC-7,SourcesOfInterest,FINK_PORTAL,PulsV*,1.0
SourcesOfInterest,FEATURES,FC-59,SourcesOfInterest,FINK_PORTAL,PulsV*delSct,1.0
SourcesOfInterest,FEATURES,FC-45,SourcesOfInterest,FINK_PORTAL,QSO,1.0
SourcesOfInterest,FEATURES,FC-57,SourcesOfInterest,FINK_PORTAL,QSO,1.0
SourcesOfInterest,FEATURES,FC-54,SourcesOfInterest,FINK_PORTAL,TTauri*,1.0
AlertsOfInterest,FEATURES,FC-41,AlertsOfInterest,FINK_PORTAL,CV*_Candidate,1.0
AlertsOfInterest,FEATURES,FC-59,AlertsOfInterest,FINK_PORTAL,CV*_Candidate,1.0
AlertsOfInterest,FINK_PORTAL,AGB*,AlertsOfInterest,FEATURES,FC-14,1.0
AlertsOfInterest,FINK_PORTAL,HMXB,AlertsOfInterest,FEATURES,FC-14,1.0
AlertsOfInterest,FINK_PORTAL,HighPM*,AlertsOfInterest,FEATURES,FC-14,1.0
AlertsOfInterest,FINK_PORTAL,LP*_Candidate,AlertsOfInterest,FEATURES,FC-14,1.0
AlertsOfInterest,FINK_PORTAL,RRLyr,AlertsOfInterest,FEATURES,FC-14,1.0
AlertsOfInterest,FINK_PORTAL,Seyfert1,AlertsOfInterest,FEATURES,FC-14,1.0
AlertsOfInterest,FINK_PORTAL,Seyfert_1,AlertsOfInterest,FEATURES,FC-14,1.0
AlertsOfInterest,FINK_PORTAL,Star,AlertsOfInterest,FEATURES,FC-14,1.0
AlertsOfInterest,FINK_PORTAL,V*,AlertsOfInterest,FEATURES,FC-14,1.0
AlertsOfInterest,FINK_PORTAL,EB*,AlertsOfInterest,FEATURES,FC-31,1.0
AlertsOfInterest,FINK_PORTAL,BYDra,AlertsOfInterest,FEATURES,FC-35,1.0
AlertsOfInterest,FINK_PORTAL,EclBin,AlertsOfInterest,FEATURES,FC-35,1.0
AlertsOfInterest,FINK_PORTAL,Radio,AlertsOfInterest,FEATURES,FC-35,1.0
AlertsOfInterest,FINK_PORTAL,Seyfert2,AlertsOfInterest,FEATURES,FC-35,1.0
AlertsOfInterest,FINK_PORTAL,V*,AlertsOfInterest,FEATURES,FC-35,1.0
AlertsOfInterest,FINK_PORTAL,CataclyV*,AlertsOfInterest,FEATURES,FC-6,1.0
AlertsOfInterest,FINK_PORTAL,ChemPec*,AlertsOfInterest,FEATURES,FC-6,1.0
AlertsOfInterest,FINK_PORTAL,EB*_Candidate,AlertsOfInterest,FEATURES,FC-6,1.0
AlertsOfInterest,FINK_PORTAL,EmG,AlertsOfInterest,FEATURES,FC-6,1.0
AlertsOfInterest,FINK_PORTAL,GtowardsCl,AlertsOfInterest,FEATURES,FC-6,1.0
AlertsOfInterest,FINK_PORTAL,GtowardsGroup,AlertsOfInterest,FEATURES,FC-6,1.0
AlertsOfInterest,FINK_PORTAL,LP*_Candidate,AlertsOfInterest,FEATURES,FC-6,1.0
AlertsOfInterest,FINK_PORTAL,RotV*,AlertsOfInterest,FEATURES,FC-6,1.0
AlertsOfInterest,FINK_PORTAL,TTau*,AlertsOfInterest,FEATURES,FC-6,1.0
AlertsOfInterest,FINK_PORTAL,YSO_Candidate,AlertsOfInterest,FEATURES,FC-6,1.0
AlertsOfInterest,FINK_PORTAL,YSO,AlertsOfInterest,FEATURES,FC-9,1.0
AlertsOfInterest,FEATURES,FC-15,AlertsOfInterest,FINK_PORTAL,LPV*,1.0
AlertsOfInterest,FEATURES,FC-52,AlertsOfInterest,FINK_PORTAL,LPV*,1.0
AlertsOfInterest,FEATURES,FC-59,AlertsOfInterest,FINK_PORTAL,PulsV*delSct,1.0
AlertsOfInterest,FEATURES,FC-15,AlertsOfInterest,FINK_PORTAL,RRLyrae,1.0
AlertsOfInterest,FEATURES,FC-22,AlertsOfInterest,FINK_PORTAL,RRLyrae,1.0
AlertsOfInterest,FEATURES,FC-41,AlertsOfInterest,FINK_PORTAL,RRLyrae,1.0
AlertsOfInterest,FEATURES,FC-47,AlertsOfInterest,FINK_PORTAL,RRLyrae,1.0
AlertsOfInterest,FEATURES,FC-54,AlertsOfInterest,FINK_PORTAL,RRLyrae,1.0
AlertsOfInterest,FEATURES,FC-7,AlertsOfInterest,FINK_PORTAL,RRLyrae,1.0
AlertsOfInterest,FEATURES,FC-36,AlertsOfInterest,FINK_PORTAL,RSCVnV*,1.0
AlertsOfInterest,FEATURES,FC-38,AlertsOfInterest,FINK_PORTAL,RSCVnV*,1.0
AlertsOfInterest,FEATURES,FC-59,AlertsOfInterest,FINK_PORTAL,RSCVnV*,1.0
AlertsOfInterest,FEATURES,FC-59,AlertsOfInterest,FINK_PORTAL,YSO,1.0
AlertsOfInterest,FEATURES,FC-9,AlertsOfInterest,FINK_PORTAL,YSO,1.0
AlertsOfInterest,FEATURES,FC-23,AlertsOfInterest,FINK_PORTAL,YSO_Candidate,1.0
AlertsOfInterest,FEATURES,FC-6,AlertsOfInterest,FINK_PORTAL,YSO_Candidate,1.0
SourcesOfInterest,FEATURES,FC-24,SourcesOfInterest,FINK_PORTAL,BYDra,1.0
SourcesOfInterest,FEATURES,FC-26,SourcesOfInterest,FINK_PORTAL,BYDra,1.0
SourcesOfInterest,FEATURES,FC-35,SourcesOfInterest,FINK_PORTAL,BYDra,1.0
SourcesOfInterest,FINK_PORTAL,BlueSG*,SourcesOfInterest,FINK_PORTAL,BlueSG*,1.0
SourcesOfInterest,FINK_PORTAL,EB*_Candidate,SourcesOfInterest,FEATURES,FC-23,1.0
SourcesOfInterest,FINK_PORTAL,LP*_Candidate,SourcesOfInterest,FEATURES,FC-23,1.0
SourcesOfInterest,FINK_PORTAL,LongPeriodV*_Candidate,SourcesOfInterest,FEATURES,FC-23,1.0
SourcesOfInterest,FINK_PORTAL,PulsV*,SourcesOfInterest,FEATURES,FC-23,1.0
SourcesOfInterest,FINK_PORTAL,Seyfert2,SourcesOfInterest,FEATURES,FC-23,1.0
SourcesOfInterest,FINK_PORTAL,Seyfert_2,SourcesOfInterest,FEATURES,FC-23,1.0
SourcesOfInterest,FINK_PORTAL,YSO_Candidate,SourcesOfInterest,FEATURES,FC-23,1.0
SourcesOfInterest,FINK_PORTAL,blue,SourcesOfInterest,FEATURES,FC-23,1.0
SourcesOfInterest,FINK_PORTAL,EclBin,SourcesOfInterest,FEATURES,FC-44,1.0
SourcesOfInterest,FINK_PORTAL,Radio,SourcesOfInterest,FEATURES,FC-44,1.0
SourcesOfInterest,FINK_PORTAL,Seyfert_2,SourcesOfInterest,FEATURES,FC-44,1.0
SourcesOfInterest,FINK_PORTAL,EclBin,SourcesOfInterest,FEATURES,FC-47,1.0
SourcesOfInterest,FINK_PORTAL,LongPeriodV*,SourcesOfInterest,FEATURES,FC-47,1.0
SourcesOfInterest,FINK_PORTAL,RRLyr,SourcesOfInterest,FEATURES,FC-47,1.0
SourcesOfInterest,FINK_PORTAL,RRLyrae,SourcesOfInterest,FEATURES,FC-47,1.0
SourcesOfInterest,FEATURES,FC-50,SourcesOfInterest,FEATURES,FC-50,1.0
SourcesOfInterest,FEATURES,FC-59,SourcesOfInterest,FINK_PORTAL,GtowardsCl,1.0
SourcesOfInterest,FEATURES,FC-6,SourcesOfInterest,FINK_PORTAL,GtowardsCl,1.0
SourcesOfInterest,FEATURES,FC-59,SourcesOfInterest,FINK_PORTAL,HorBranch*,1.0
SourcesOfInterest,FINK_PORTAL,HorBranch*,SourcesOfInterest,FINK_PORTAL,HorBranch*,1.0
SourcesOfInterest,FEATURES,FC-15,SourcesOfInterest,FINK_PORTAL,LPV*,1.0
SourcesOfInterest,FEATURES,FC-52,SourcesOfInterest,FINK_PORTAL,LPV*,1.0
SourcesOfInterest,FINK_PORTAL,Pec*,SourcesOfInterest,FINK_PORTAL,Pec*,1.0
SourcesOfInterest,FEATURES,FC-41,SourcesOfInterest,FINK_PORTAL,QSO_Candidate,1.0
SourcesOfInterest,FINK_PORTAL,QSO_Candidate,SourcesOfInterest,FINK_PORTAL,QSO_Candidate,1.0
SourcesOfInterest,FEATURES,FC-4,SourcesOfInterest,FINK_PORTAL,RSCVn,1.0
SourcesOfInterest,FEATURES,FC-36,SourcesOfInterest,FINK_PORTAL,RSCVnV*,1.0
SourcesOfInterest,FEATURES,FC-38,SourcesOfInterest,FINK_PORTAL,RSCVnV*,1.0
SourcesOfInterest,FEATURES,FC-59,SourcesOfInterest,FINK_PORTAL,RSCVnV*,1.0
SourcesOfInterest,FINK_PORTAL,SN,SourcesOfInterest,FINK_PORTAL,SN,1.0
SourcesOfInterest,FEATURES,FC-23,SourcesOfInterest,FINK_PORTAL,Seyfert_2,1.0
SourcesOfInterest,FEATURES,FC-36,SourcesOfInterest,FINK_PORTAL,Seyfert_2,1.0
SourcesOfInterest,FEATURES,FC-4,SourcesOfInterest,FINK_PORTAL,Seyfert_2,1.0
SourcesOfInterest,FEATURES,FC-44,SourcesOfInterest,FINK_PORTAL,Seyfert_2,1.0
SourcesOfInterest,FEATURES,FC-7,SourcesOfInterest,FINK_PORTAL,Seyfert_2,1.0
SourcesOfInterest,FEATURES,FC-1,SourcesOfInterest,FINK_PORTAL,V*,1.0
SourcesOfInterest,FEATURES,FC-14,SourcesOfInterest,FINK_PORTAL,V*,1.0
SourcesOfInterest,FEATURES,FC-35,SourcesOfInterest,FINK_PORTAL,V*,1.0
SourcesOfInterest,FEATURES,FC-36,SourcesOfInterest,FINK_PORTAL,V*,1.0
SourcesOfInterest,FEATURES,FC-2,SourcesOfInterest,FINK_PORTAL,X,1.0
SourcesOfInterest,FINK_PORTAL,X,SourcesOfInterest,FINK_PORTAL,X,1.0
SourcesOfInterest,FEATURES,FC-59,SourcesOfInterest,FINK_PORTAL,YSO,1.0
SourcesOfInterest,FEATURES,FC-9,SourcesOfInterest,FINK_PORTAL,YSO,1.0
AlertsOfInterest,FEATURES,FC-15,AlertsOfInterest,FINK_PORTAL,BLLac,1.0
AlertsOfInterest,FEATURES,FC-7,AlertsOfInterest,FINK_PORTAL,BLLac,1.0
AlertsOfInterest,FEATURES,FC-7,AlertsOfInterest,FINK_PORTAL,C*,1.0
AlertsOfInterest,FEATURES,FC-15,AlertsOfInterest,FINK_PORTAL,EclBin,1.0
AlertsOfInterest,FEATURES,FC-24,AlertsOfInterest,FINK_PORTAL,EclBin,1.0
AlertsOfInterest,FEATURES,FC-27,AlertsOfInterest,FINK_PORTAL,EclBin,1.0
AlertsOfInterest,FEATURES,FC-35,AlertsOfInterest,FINK_PORTAL,EclBin,1.0
AlertsOfInterest,FEATURES,FC-44,AlertsOfInterest,FINK_PORTAL,EclBin,1.0
AlertsOfInterest,FEATURES,FC-47,AlertsOfInterest,FINK_PORTAL,EclBin,1.0
AlertsOfInterest,FINK_PORTAL,EB*,AlertsOfInterest,FEATURES,FC-46,1.0
AlertsOfInterest,FINK_PORTAL,RRLyr,AlertsOfInterest,FEATURES,FC-46,1.0
AlertsOfInterest,FINK_PORTAL,LPV*,AlertsOfInterest,FEATURES,FC-52,1.0
AlertsOfInterest,FINK_PORTAL,Seyfert2,AlertsOfInterest,FEATURES,FC-52,1.0
AlertsOfInterest,FINK_PORTAL,Pec*,AlertsOfInterest,FINK_PORTAL,Pec*,1.0
AlertsOfInterest,FINK_PORTAL,Planet,AlertsOfInterest,FINK_PORTAL,Planet,1.0
AlertsOfInterest,FEATURES,FC-6,AlertsOfInterest,FINK_PORTAL,TTau*,1.0
AlertsOfInterest,FINK_PORTAL,TTau*,AlertsOfInterest,FINK_PORTAL,TTau*,1.0
AlertsOfInterest,FINK_PORTAL,TTau*_Candidate,AlertsOfInterest,FINK_PORTAL,TTau*_Candidate,1.0
SourcesOfInterest,FEATURES,FC-14,SourcesOfInterest,FINK_PORTAL,AGB*,1.0
SourcesOfInterest,FEATURES,FC-15,SourcesOfInterest,FINK_PORTAL,AGB*,1.0
SourcesOfInterest,FEATURES,FC-15,SourcesOfInterest,FINK_PORTAL,BLLac,1.0
SourcesOfInterest,FEATURES,FC-7,SourcesOfInterest,FINK_PORTAL,BLLac,1.0
SourcesOfInterest,FEATURES,FC-59,SourcesOfInterest,FINK_PORTAL,BYDraV*,1.0
SourcesOfInterest,FEATURES,FC-15,SourcesOfInterest,FINK_PORTAL,EB*,1.0
SourcesOfInterest,FEATURES,FC-31,SourcesOfInterest,FINK_PORTAL,EB*,1.0
SourcesOfInterest,FEATURES,FC-38,SourcesOfInterest,FINK_PORTAL,EB*,1.0
SourcesOfInterest,FEATURES,FC-46,SourcesOfInterest,FINK_PORTAL,EB*,1.0
SourcesOfInterest,FINK_PORTAL,V*,SourcesOfInterest,FEATURES,FC-1,1.0
SourcesOfInterest,FINK_PORTAL,X,SourcesOfInterest,FEATURES,FC-2,1.0
SourcesOfInterest,FINK_PORTAL,low-mass*,SourcesOfInterest,FEATURES,FC-2,1.0
SourcesOfInterest,FINK_PORTAL,CataclyV*,SourcesOfInterest,FEATURES,FC-49,1.0
SourcesOfInterest,FINK_PORTAL,HighPM*,SourcesOfInterest,FEATURES,FC-49,1.0
SourcesOfInterest,FINK_PORTAL,Seyfert_1,SourcesOfInterest,FEATURES,FC-49,1.0
SourcesOfInterest,FINK_PORTAL,Star,SourcesOfInterest,FEATURES,FC-49,1.0
SourcesOfInterest,FINK_PORTAL,Variable*,SourcesOfInterest,FEATURES,FC-49,1.0
SourcesOfInterest,FINK_PORTAL,LPV*,SourcesOfInterest,FEATURES,FC-52,1.0
SourcesOfInterest,FINK_PORTAL,Seyfert2,SourcesOfInterest,FEATURES,FC-52,1.0
SourcesOfInterest,FINK_PORTAL,QSO,SourcesOfInterest,FEATURES,FC-57,1.0
SourcesOfInterest,FINK_PORTAL,YSO,SourcesOfInterest,FEATURES,FC-9,1.0
SourcesOfInterest,FEATURES,FC-14,SourcesOfInterest,FINK_PORTAL,HMXB,1.0
SourcesOfInterest,FEATURES,FC-14,SourcesOfInterest,FINK_PORTAL,LP*_Candidate,1.0
SourcesOfInterest,FEATURES,FC-23,SourcesOfInterest,FINK_PORTAL,LP*_Candidate,1.0
SourcesOfInterest,FEATURES,FC-54,SourcesOfInterest,FINK_PORTAL,LP*_Candidate,1.0
SourcesOfInterest,FEATURES,FC-59,SourcesOfInterest,FINK_PORTAL,LP*_Candidate,1.0
SourcesOfInterest,FEATURES,FC-6,SourcesOfInterest,FINK_PORTAL,LP*_Candidate,1.0
SourcesOfInterest,FEATURES,FC-23,SourcesOfInterest,FINK_PORTAL,Seyfert2,1.0
SourcesOfInterest,FEATURES,FC-35,SourcesOfInterest,FINK_PORTAL,Seyfert2,1.0
SourcesOfInterest,FEATURES,FC-41,SourcesOfInterest,FINK_PORTAL,Seyfert2,1.0
SourcesOfInterest,FEATURES,FC-52,SourcesOfInterest,FINK_PORTAL,Seyfert2,1.0
SourcesOfInterest,FEATURES,FC-6,SourcesOfInterest,FINK_PORTAL,TTau*,1.0
SourcesOfInterest,FINK_PORTAL,TTau*,SourcesOfInterest,FINK_PORTAL,TTau*,1.0
SourcesOfInterest,FINK_PORTAL,TTau*_Candidate,SourcesOfInterest,FINK_PORTAL,TTau*_Candidate,1.0
SourcesOfInterest,FEATURES,FC-2,SourcesOfInterest,FINK_PORTAL,low-mass*,1.0
SourcesOfInterest,FINK_PORTAL,low-mass*,SourcesOfInterest,FINK_PORTAL,low-mass*,1.0
AlertsOfInterest,FINK_PORTAL,CataclyV*,AlertsOfInterest,FEATURES,FC-49,1.0
AlertsOfInterest,FINK_PORTAL,HighPM*,AlertsOfInterest,FEATURES,FC-49,1.0
AlertsOfInterest,FINK_PORTAL,Seyfert_1,AlertsOfInterest,FEATURES,FC-49,1.0
AlertsOfInterest,FINK_PORTAL,Star,AlertsOfInterest,FEATURES,FC-49,1.0
AlertsOfInterest,FINK_PORTAL,Variable*,AlertsOfInterest,FEATURES,FC-49,1.0
AlertsOfInterest,FEATURES,FC-59,AlertsOfInterest,FINK_PORTAL,GtowardsCl,1.0
AlertsOfInterest,FEATURES,FC-6,AlertsOfInterest,FINK_PORTAL,GtowardsCl,1.0
AlertsOfInterest,FEATURES,FC-41,AlertsOfInterest,FINK_PORTAL,SB*,1.0
AlertsOfInterest,FEATURES,FC-54,AlertsOfInterest,FINK_PORTAL,SB*,1.0
AlertsOfInterest,FEATURES,FC-7,AlertsOfInterest,FINK_PORTAL,SB*,1.0
AlertsOfInterest,FEATURES,FC-23,AlertsOfInterest,FINK_PORTAL,Seyfert2,1.0
AlertsOfInterest,FEATURES,FC-35,AlertsOfInterest,FINK_PORTAL,Seyfert2,1.0
AlertsOfInterest,FEATURES,FC-41,AlertsOfInterest,FINK_PORTAL,Seyfert2,1.0
AlertsOfInterest,FEATURES,FC-52,AlertsOfInterest,FINK_PORTAL,Seyfert2,1.0
AlertsOfInterest,FEATURES,FC-14,AlertsOfInterest,FINK_PORTAL,Star,1.0
AlertsOfInterest,FEATURES,FC-30,AlertsOfInterest,FINK_PORTAL,Star,1.0
AlertsOfInterest,FEATURES,FC-49,AlertsOfInterest,FINK_PORTAL,Star,1.0
SourcesOfInterest,FINK_PORTAL,BlueStraggler,SourcesOfInterest,FINK_PORTAL,BlueStraggler,1.0
SourcesOfInterest,FEATURES,FC-59,SourcesOfInterest,FINK_PORTAL,EclBin_Candidate,1.0
SourcesOfInterest,FINK_PORTAL,BYDra,SourcesOfInterest,FEATURES,FC-26,1.0
SourcesOfInterest,FINK_PORTAL,LongPeriodV*,SourcesOfInterest,FEATURES,FC-26,1.0
SourcesOfInterest,FINK_PORTAL,Radio,SourcesOfInterest,FEATURES,FC-26,1.0
SourcesOfInterest,FINK_PORTAL,blue,SourcesOfInterest,FEATURES,FC-26,1.0
SourcesOfInterest,FINK_PORTAL,RSCVn,SourcesOfInterest,FEATURES,FC-4,1.0
SourcesOfInterest,FINK_PORTAL,Seyfert_2,SourcesOfInterest,FEATURES,FC-4,1.0
SourcesOfInterest,FINK_PORTAL,blue,SourcesOfInterest,FEATURES,FC-4,1.0
SourcesOfInterest,FEATURES,FC-14,SourcesOfInterest,FINK_PORTAL,HighPM*,1.0
SourcesOfInterest,FEATURES,FC-49,SourcesOfInterest,FINK_PORTAL,HighPM*,1.0
SourcesOfInterest,FEATURES,FC-14,SourcesOfInterest,FINK_PORTAL,RRLyr,1.0
SourcesOfInterest,FEATURES,FC-41,SourcesOfInterest,FINK_PORTAL,RRLyr,1.0
SourcesOfInterest,FEATURES,FC-46,SourcesOfInterest,FINK_PORTAL,RRLyr,1.0
SourcesOfInterest,FEATURES,FC-47,SourcesOfInterest,FINK_PORTAL,RRLyr,1.0
SourcesOfInterest,FEATURES,FC-59,SourcesOfInterest,FINK_PORTAL,RRLyr,1.0
SourcesOfInterest,FEATURES,FC-7,SourcesOfInterest,FINK_PORTAL,RRLyr,1.0
SourcesOfInterest,FEATURES,FC-15,SourcesOfInterest,FINK_PORTAL,Radio,1.0
SourcesOfInterest,FEATURES,FC-26,SourcesOfInterest,FINK_PORTAL,Radio,1.0
SourcesOfInterest,FEATURES,FC-35,SourcesOfInterest,FINK_PORTAL,Radio,1.0
SourcesOfInterest,FEATURES,FC-44,SourcesOfInterest,FINK_PORTAL,Radio,1.0
SourcesOfInterest,FEATURES,FC-7,SourcesOfInterest,FINK_PORTAL,Radio,1.0
SourcesOfInterest,FEATURES,FC-24,SourcesOfInterest,FINK_PORTAL,RotV*,1.0
SourcesOfInterest,FEATURES,FC-41,SourcesOfInterest,FINK_PORTAL,RotV*,1.0
SourcesOfInterest,FEATURES,FC-59,SourcesOfInterest,FINK_PORTAL,RotV*,1.0
SourcesOfInterest,FEATURES,FC-6,SourcesOfInterest,FINK_PORTAL,RotV*,1.0
SourcesOfInterest,FEATURES,FC-7,SourcesOfInterest,FINK_PORTAL,RotV*,1.0
SourcesOfInterest,FINK_PORTAL,S*,SourcesOfInterest,FINK_PORTAL,S*,1.0
SourcesOfInterest,FEATURES,FC-24,SourcesOfInterest,FINK_PORTAL,Variable*,1.0
SourcesOfInterest,FEATURES,FC-36,SourcesOfInterest,FINK_PORTAL,Variable*,1.0
SourcesOfInterest,FEATURES,FC-41,SourcesOfInterest,FINK_PORTAL,Variable*,1.0
SourcesOfInterest,FEATURES,FC-49,SourcesOfInterest,FINK_PORTAL,Variable*,1.0
SourcesOfInterest,FEATURES,FC-54,SourcesOfInterest,FINK_PORTAL,Variable*,1.0
SourcesOfInterest,FEATURES,FC-23,SourcesOfInterest,FINK_PORTAL,blue,1.0
SourcesOfInterest,FEATURES,FC-24,SourcesOfInterest,FINK_PORTAL,blue,1.0
SourcesOfInterest,FEATURES,FC-26,SourcesOfInterest,FINK_PORTAL,blue,1.0
SourcesOfInterest,FEATURES,FC-4,SourcesOfInterest,FINK_PORTAL,blue,1.0
SourcesOfInterest,FEATURES,FC-41,SourcesOfInterest,FINK_PORTAL,blue,1.0
SourcesOfInterest,FINK_PORTAL,deltaCep,SourcesOfInterest,FINK_PORTAL,deltaCep,1.0
AlertsOfInterest,FINK_PORTAL,**,AlertsOfInterest,FINK_PORTAL,**,1.0
AlertsOfInterest,FEATURES,FC-24,AlertsOfInterest,FINK_PORTAL,BYDra,1.0
AlertsOfInterest,FEATURES,FC-26,AlertsOfInterest,FINK_PORTAL,BYDra,1.0
AlertsOfInterest,FEATURES,FC-35,AlertsOfInterest,FINK_PORTAL,BYDra,1.0
AlertsOfInterest,FINK_PORTAL,BlueSG*,AlertsOfInterest,FINK_PORTAL,BlueSG*,1.0
AlertsOfInterest,FEATURES,FC-59,AlertsOfInterest,FINK_PORTAL,Em*,1.0
AlertsOfInterest,FEATURES,FC-7,AlertsOfInterest,FINK_PORTAL,Em*,1.0
AlertsOfInterest,FINK_PORTAL,RRLyrae,AlertsOfInterest,FEATURES,FC-22,1.0
AlertsOfInterest,FINK_PORTAL,BYDraV*,AlertsOfInterest,FEATURES,FC-59,1.0
AlertsOfInterest,FINK_PORTAL,CV*_Candidate,AlertsOfInterest,FEATURES,FC-59,1.0
AlertsOfInterest,FINK_PORTAL,EB*_Candidate,AlertsOfInterest,FEATURES,FC-59,1.0
AlertsOfInterest,FINK_PORTAL,EclBin_Candidate,AlertsOfInterest,FEATURES,FC-59,1.0
AlertsOfInterest,FINK_PORTAL,Em*,AlertsOfInterest,FEATURES,FC-59,1.0
AlertsOfInterest,FINK_PORTAL,GinGroup,AlertsOfInterest,FEATURES,FC-59,1.0
AlertsOfInterest,FINK_PORTAL,GtowardsCl,AlertsOfInterest,FEATURES,FC-59,1.0
AlertsOfInterest,FINK_PORTAL,HB*_Candidate,AlertsOfInterest,FEATURES,FC-59,1.0
AlertsOfInterest,FINK_PORTAL,HorBranch*,AlertsOfInterest,FEATURES,FC-59,1.0
AlertsOfInterest,FINK_PORTAL,LINER,AlertsOfInterest,FEATURES,FC-59,1.0
AlertsOfInterest,FINK_PORTAL,LP*_Candidate,AlertsOfInterest,FEATURES,FC-59,1.0
AlertsOfInterest,FINK_PORTAL,PulsV*delSct,AlertsOfInterest,FEATURES,FC-59,1.0
AlertsOfInterest,FINK_PORTAL,RRLyr,AlertsOfInterest,FEATURES,FC-59,1.0
AlertsOfInterest,FINK_PORTAL,RSCVnV*,AlertsOfInterest,FEATURES,FC-59,1.0
AlertsOfInterest,FINK_PORTAL,RotV*,AlertsOfInterest,FEATURES,FC-59,1.0
AlertsOfInterest,FINK_PORTAL,YSO,AlertsOfInterest,FEATURES,FC-59,1.0
AlertsOfInterest,FEATURES,FC-26,AlertsOfInterest,FINK_PORTAL,LongPeriodV*,1.0
AlertsOfInterest,FEATURES,FC-47,AlertsOfInterest,FINK_PORTAL,LongPeriodV*,1.0
AlertsOfInterest,FEATURES,FC-54,AlertsOfInterest,FINK_PORTAL,LongPeriodV*,1.0
AlertsOfInterest,FEATURES,FC-1,AlertsOfInterest,FINK_PORTAL,V*,1.0
AlertsOfInterest,FEATURES,FC-14,AlertsOfInterest,FINK_PORTAL,V*,1.0
AlertsOfInterest,FEATURES,FC-35,AlertsOfInterest,FINK_PORTAL,V*,1.0
AlertsOfInterest,FEATURES,FC-36,AlertsOfInterest,FINK_PORTAL,V*,1.0
AlertsOfInterest,FEATURES,FC-41,AlertsOfInterest,FINK_PORTAL,alf2CVnV*,1.0
